Player,Games,RecTD,RshTD,TotalTouchdowns
A'Shawn Robinson,16.0,0.0,0.0,0.0
A.J. Green,158.0,70.0,0.0,70.0
A.J. Klein,15.0,0.0,0.0,0.0
A.J. McCarron,2.0,0.0,1.0,1.0
Aaron Colvin,22.0,0.0,0.0,0.0
Aaron Curry,16.0,0.0,0.0,0.0
Aaron Dobson,12.0,4.0,0.0,4.0
Aaron Hernandez,38.0,18.0,0.0,18.0
Aaron Jones,86.0,17.0,43.0,60.0
Aaron Pettrey,2.0,0.0,0.0,0.0
Aaron Rodgers,144.0,0.0,24.0,24.0
Aaron Ross,30.0,0.0,0.0,0.0
Aaron Rouse,14.0,0.0,0.0,0.0
Aaron Schobel,16.0,0.0,0.0,0.0
Aaron Shea,42.0,7.0,0.0,7.0
Aaron Walker,16.0,1.0,0.0,1.0
Aaron Williams,7.0,0.0,0.0,0.0
Abdul Hodge,8.0,0.0,0.0,0.0
Ace Sanders,15.0,1.0,0.0,1.0
Adalius Thomas,48.0,0.0,0.0,0.0
Adam Archuleta,43.0,0.0,0.0,0.0
Adam Bergen,30.0,2.0,0.0,2.0
Adam Carriker,16.0,0.0,0.0,0.0
Adam Jennings,16.0,1.0,0.0,1.0
Adam Jones,67.0,0.0,0.0,0.0
Adam Podlesh,16.0,0.0,0.0,0.0
Adam Shaheen,43.0,7.0,0.0,7.0
Adewale Ogunleye,28.0,0.0,0.0,0.0
Adrian Amos,13.0,0.0,0.0,0.0
Adrian Clayborn,29.0,0.0,0.0,0.0
Ahkello Witherspoon,10.0,0.0,0.0,0.0
Ahmad Bradshaw,103.0,12.0,36.0,48.0
Ahmad Carroll,14.0,0.0,0.0,0.0
Ahmed Plummer,15.0,0.0,0.0,0.0
Akeem Ayers,16.0,0.0,0.0,0.0
Akin Ayodele,16.0,0.0,0.0,0.0
Albert Wilson,63.0,12.0,1.0,13.0
Aldon Smith,32.0,0.0,0.0,0.0
Aldrick Robinson,77.0,14.0,0.0,14.0
Alec Ogletree,44.0,0.0,0.0,0.0
Alex Bannister,32.0,1.0,0.0,1.0
Alex Collins,50.0,1.0,18.0,19.0
Alex Henery,50.0,0.0,0.0,0.0
Alfonzo Dennard,10.0,0.0,0.0,0.0
Alfred Blue,73.0,2.0,8.0,10.0
Alfred Morris,113.0,1.0,35.0,36.0
Alge Crumpler,155.0,39.0,0.0,39.0
Allen Bailey,16.0,0.0,0.0,0.0
Allen Hurns,82.0,25.0,0.0,25.0
Allen Lazard,56.0,20.0,0.0,20.0
Allen Robinson,109.0,43.0,0.0,43.0
Alphonso Smith,23.0,0.0,0.0,0.0
Alshon Jeffery,109.0,46.0,1.0,47.0
Alterraun Verner,32.0,0.0,0.0,0.0
Alvin Kamara,88.0,22.0,49.0,71.0
Alvin Pearman,30.0,1.0,2.0,3.0
Amari Cooper,125.0,55.0,0.0,55.0
Ameer Abdullah,98.0,8.0,6.0,14.0
Andre Branch,13.0,0.0,0.0,0.0
Andre Brown,34.0,5.0,11.0,16.0
Andre Caldwell,59.0,11.0,0.0,11.0
Andre Carter,16.0,0.0,0.0,0.0
Andre Dyson,42.0,0.0,0.0,0.0
Andre Ellington,49.0,3.0,10.0,13.0
Andre Hal,16.0,0.0,0.0,0.0
Andre Hall,10.0,0.0,2.0,2.0
Andre Holmes,72.0,15.0,0.0,15.0
Andre Johnson,161.0,53.0,0.0,53.0
Andre King,15.0,0.0,0.0,0.0
Andre Roberts,119.0,14.0,0.0,14.0
Andre Williams,32.0,0.0,8.0,8.0
Andre' Davis,62.0,17.0,0.0,17.0
Andrew Luck,63.0,0.0,14.0,14.0
Andrew Quarless,45.0,6.0,0.0,6.0
Andrew Whitworth,16.0,1.0,0.0,1.0
Andy Dalton,106.0,1.0,22.0,23.0
Andy Janovich,63.0,1.0,4.0,5.0
Angelo Crowell,16.0,0.0,0.0,0.0
Anquan Boldin,202.0,82.0,1.0,83.0
Anthony Allen,54.0,8.0,1.0,9.0
Anthony Barr,26.0,0.0,0.0,0.0
Anthony Becht,126.0,21.0,0.0,21.0
Anthony Brown,26.0,0.0,0.0,0.0
Anthony Castonzo,16.0,1.0,0.0,1.0
Anthony Chickillo,16.0,0.0,0.0,0.0
Anthony Dixon,96.0,0.0,11.0,11.0
Anthony Fasano,164.0,36.0,0.0,36.0
Anthony Gonzalez,29.0,7.0,0.0,7.0
Anthony Harris,14.0,0.0,0.0,0.0
Anthony Henry,41.0,0.0,0.0,0.0
Anthony Johnson,119.0,7.0,9.0,16.0
Anthony McCoy,16.0,3.0,0.0,3.0
Anthony Miller,205.0,75.0,1.0,76.0
Anthony Parker,61.0,0.0,0.0,0.0
Anthony Sherman,77.0,4.0,1.0,5.0
Anthony Smith,29.0,0.0,0.0,0.0
Anthony Spencer,13.0,0.0,0.0,0.0
Anthony Thomas,77.0,1.0,23.0,24.0
Antoine Bethea,16.0,0.0,0.0,0.0
Antoine Cason,32.0,0.0,0.0,0.0
Antone Exum,15.0,0.0,0.0,0.0
Antonio Allen,16.0,0.0,0.0,0.0
Antonio Andrews,14.0,0.0,3.0,3.0
Antonio Brown,92.0,39.0,0.0,39.0
Antonio Bryant,106.0,30.0,0.0,30.0
Antonio Callaway,16.0,5.0,0.0,5.0
Antonio Cromartie,48.0,0.0,0.0,0.0
Antonio Smith,16.0,0.0,0.0,0.0
Antrel Rolle,47.0,0.0,0.0,0.0
Antwaan Randle El,111.0,15.0,0.0,15.0
Antwan Applewhite,12.0,0.0,0.0,0.0
Antwan Lake,13.0,0.0,0.0,0.0
Antwan Odom,16.0,0.0,0.0,0.0
Antwan Peek,14.0,0.0,0.0,0.0
Aqib Talib,79.0,0.0,0.0,0.0
Arian Foster,60.0,12.0,38.0,50.0
Armando Allen,15.0,0.0,1.0,1.0
Armon Binns,11.0,1.0,0.0,1.0
Arnaz Battle,56.0,11.0,1.0,12.0
Arnold Jackson,16.0,1.0,0.0,1.0
Arrelious Benn,44.0,6.0,0.0,6.0
Arthur Maulet,12.0,0.0,0.0,0.0
Artie Burns,16.0,0.0,0.0,0.0
Artose Pinner,37.0,0.0,8.0,8.0
Asante Samuel,73.0,0.0,0.0,0.0
Ashley Lelie,92.0,15.0,0.0,15.0
Ashton Youboty,6.0,0.0,0.0,0.0
Auden Tate,19.0,2.0,0.0,2.0
Aundrae Allison,11.0,0.0,0.0,0.0
Austin Collie,41.0,16.0,0.0,16.0
Austin Hooper,105.0,25.0,0.0,25.0
Austin Johnson,17.0,1.0,1.0,2.0
Austin Pettis,39.0,9.0,0.0,9.0
Austin Seferian-Jenkins,43.0,11.0,0.0,11.0
B.J. Askew,10.0,0.0,2.0,2.0
B.J. Raji,16.0,0.0,1.0,1.0
Baker Mayfield,72.0,0.0,6.0,6.0
Barrett Green,10.0,0.0,0.0,0.0
Barry Church,32.0,0.0,0.0,0.0
Bashaud Breeland,38.0,0.0,0.0,0.0
Beanie Wells,51.0,0.0,24.0,24.0
Bear Pascoe,31.0,2.0,0.0,2.0
Ben Braunecker,11.0,1.0,0.0,1.0
Ben Hartsock,16.0,1.0,0.0,1.0
Ben Jones,53.0,3.0,21.0,24.0
Ben Koyack,30.0,1.0,0.0,1.0
Ben Leber,15.0,0.0,0.0,0.0
Ben Obomanu,44.0,7.0,0.0,7.0
Ben Patrick,17.0,4.0,0.0,4.0
Ben Roethlisberger,161.0,0.0,20.0,20.0
Ben Tate,51.0,0.0,14.0,14.0
Ben Troupe,39.0,7.0,0.0,7.0
Ben Utecht,26.0,3.0,0.0,3.0
BenJarvus Green-Ellis,72.0,0.0,42.0,42.0
Bennie Fowler,47.0,6.0,0.0,6.0
Bernard Berrian,79.0,24.0,0.0,24.0
Bernard Pierce,45.0,0.0,5.0,5.0
Bernard Pollard,45.0,0.0,0.0,0.0
Bernard Scott,45.0,0.0,4.0,4.0
Bethel Johnson,39.0,4.0,0.0,4.0
Bilal Powell,94.0,5.0,15.0,20.0
Billy Bajema,13.0,2.0,0.0,2.0
Billy McMullen,32.0,3.0,0.0,3.0
Bishop Sankey,29.0,1.0,3.0,4.0
Blaine Gabbert,14.0,0.0,3.0,3.0
Blair Walsh,73.0,0.0,0.0,0.0
Blair White,13.0,5.0,0.0,5.0
Blake Bell,16.0,1.0,0.0,1.0
Blake Bortles,61.0,1.0,8.0,9.0
Bo Scaife,90.0,12.0,1.0,13.0
Bo Scarbrough,6.0,0.0,1.0,1.0
Bob Sanders,6.0,0.0,0.0,0.0
Bobby Carpenter,16.0,0.0,0.0,0.0
Bobby Jackson,25.0,0.0,0.0,0.0
Bobby McCain,17.0,0.0,0.0,0.0
Bobby Myers,1.0,0.0,0.0,0.0
Bobby Wade,74.0,9.0,0.0,9.0
Boss Bailey,27.0,0.0,0.0,0.0
Brad Smith,88.0,5.0,4.0,9.0
Bradie James,16.0,0.0,0.0,0.0
Bradlee Van Pelt,3.0,0.0,1.0,1.0
Bradley Fletcher,15.0,0.0,0.0,0.0
Bradley Roby,42.0,0.0,0.0,0.0
Brady Quinn,10.0,0.0,1.0,1.0
Brandin Cooks,132.0,49.0,2.0,51.0
Brandon Banks,13.0,0.0,0.0,0.0
Brandon Bolden,117.0,7.0,12.0,19.0
Brandon Boykin,16.0,0.0,0.0,0.0
Brandon Browner,16.0,0.0,0.0,0.0
Brandon Chillar,16.0,0.0,0.0,0.0
Brandon Coleman,48.0,8.0,0.0,8.0
Brandon Flowers,51.0,0.0,0.0,0.0
Brandon Gibson,76.0,13.0,0.0,13.0
Brandon Graham,15.0,0.0,0.0,0.0
Brandon Jackson,52.0,2.0,7.0,9.0
Brandon Jacobs,107.0,4.0,60.0,64.0
Brandon Johnson,7.0,1.0,0.0,1.0
Brandon Jones,51.0,9.0,0.0,9.0
Brandon LaFell,114.0,31.0,0.0,31.0
Brandon Lloyd,117.0,36.0,0.0,36.0
Brandon Manumaleuna,142.0,13.0,0.0,13.0
Brandon McDonald,16.0,0.0,0.0,0.0
Brandon Meriweather,16.0,0.0,0.0,0.0
Brandon Pettigrew,79.0,17.0,0.0,17.0
Brandon Siler,27.0,0.0,0.0,0.0
Brandon Spoon,14.0,0.0,0.0,0.0
Brandon Tate,93.0,7.0,0.0,7.0
Brandon Weeden,6.0,0.0,1.0,1.0
Braxton Berrios,33.0,3.0,2.0,5.0
Braxton Miller,21.0,2.0,0.0,2.0
Braylon Edwards,103.0,40.0,0.0,40.0
Breshad Perriman,69.0,16.0,0.0,16.0
Brett Hundley,11.0,0.0,2.0,2.0
Brett Keisel,11.0,0.0,0.0,0.0
Brett Maher,54.0,0.0,0.0,0.0
Brian Cushing,23.0,0.0,0.0,0.0
Brian Hartline,104.0,14.0,1.0,15.0
Brian Hill,28.0,1.0,3.0,4.0
Brian Hoyer,16.0,0.0,2.0,2.0
Brian Leonard,25.0,1.0,0.0,1.0
Brian Orakpo,15.0,0.0,0.0,0.0
Brian Quick,54.0,10.0,0.0,10.0
Brian Robiskie,20.0,4.0,0.0,4.0
Brian Robison,16.0,0.0,0.0,0.0
Brian Rolle,16.0,0.0,0.0,0.0
Brian Urlacher,44.0,0.0,0.0,0.0
Brian Westbrook,91.0,25.0,34.0,59.0
Briean Boddy-Calhoun,14.0,0.0,0.0,0.0
Brock Osweiler,29.0,0.0,4.0,4.0
Brodney Pool,16.0,0.0,0.0,0.0
Bruce Carter,13.0,0.0,0.0,0.0
Bruce Davis,14.0,2.0,0.0,2.0
Bruce Ellington,31.0,5.0,1.0,6.0
Bruce Irvin,28.0,0.0,0.0,0.0
Bruce Johnson,16.0,0.0,0.0,0.0
Bruce Miller,47.0,3.0,1.0,4.0
Bruce Taylor,28.0,0.0,0.0,0.0
Bryan Scott,32.0,0.0,0.0,0.0
Bryant Johnson,139.0,16.0,0.0,16.0
Bryant McFadden,13.0,0.0,0.0,0.0
Bryce Petty,6.0,0.0,0.0,0.0
Bubba Franks,98.0,32.0,0.0,32.0
Budda Baker,14.0,0.0,0.0,0.0
Byron Jones,16.0,0.0,0.0,0.0
Byron Leftwich,53.0,0.0,10.0,10.0
Byron Pringle,57.0,9.0,0.0,9.0
C.J. Anderson,64.0,5.0,22.0,27.0
C.J. Beathard,13.0,0.0,4.0,4.0
C.J. Fiedorowicz,46.0,6.0,0.0,6.0
C.J. Prosise,25.0,1.0,2.0,3.0
C.J. Spiller,89.0,9.0,12.0,21.0
Cadillac Williams,81.0,4.0,21.0,25.0
Cairo Santos,116.0,0.0,0.0,0.0
Calais Campbell,48.0,0.0,0.0,0.0
Caleb Sturgis,68.0,0.0,0.0,0.0
Calvin Johnson,89.0,50.0,1.0,51.0
Calvin Pace,16.0,0.0,0.0,0.0
Calvin Ridley,49.0,28.0,0.0,28.0
Cam Newton,130.0,1.0,65.0,66.0
Cameron Artis-Payne,32.0,0.0,5.0,5.0
Cameron Wake,24.0,0.0,0.0,0.0
Captain Munnerlyn,64.0,0.0,0.0,0.0
Caraun Reid,21.0,0.0,0.0,0.0
Carlos Dunlap,42.0,0.0,0.0,0.0
Carlos Hyde,102.0,3.0,37.0,40.0
Carlos Polk,10.0,0.0,0.0,0.0
Carlos Rogers,39.0,0.0,0.0,0.0
Carlos Watkins,15.0,0.0,0.0,0.0
Carson Palmer,86.0,0.0,8.0,8.0
Carson Wentz,69.0,0.0,10.0,10.0
Case Keenum,59.0,0.0,6.0,6.0
Casey Crawford,11.0,1.0,0.0,1.0
Casey Hayward,65.0,0.0,0.0,0.0
Cato June,13.0,0.0,0.0,0.0
Cecil Sapp,16.0,1.0,2.0,3.0
Cecil Shorts,61.0,14.0,0.0,14.0
Cedric Benson,87.0,1.0,32.0,33.0
Cedric Griffin,16.0,0.0,0.0,0.0
Cedric Houston,20.0,0.0,7.0,7.0
Cedric Peerman,14.0,0.0,1.0,1.0
Cedric Thornton,32.0,0.0,0.0,0.0
Cethan Carter,15.0,1.0,0.0,1.0
Chad Greenway,32.0,0.0,0.0,0.0
Chad Hansen,5.0,1.0,0.0,1.0
Chad Henne,31.0,0.0,4.0,4.0
Chad Jackson,12.0,3.0,0.0,3.0
Chad Johnson,134.0,51.0,0.0,51.0
Chad Morton,47.0,1.0,0.0,1.0
Chad Pennington,63.0,0.0,7.0,7.0
Chad Simpson,25.0,0.0,3.0,3.0
Chad Williams,58.0,1.0,0.0,1.0
Chandler Jones,41.0,0.0,0.0,0.0
Chandon Sullivan,16.0,0.0,0.0,0.0
Chansi Stuckey,46.0,5.0,1.0,6.0
Charles Alexander,102.0,2.0,13.0,15.0
Charles Clay,114.0,24.0,1.0,25.0
Charles Davis,14.0,0.0,0.0,0.0
Charles Godfrey,15.0,0.0,0.0,0.0
Charles Grant,24.0,0.0,0.0,0.0
Charles Johnson,114.0,26.0,0.0,26.0
Charles Lee,15.0,3.0,0.0,3.0
Charles Rogers,14.0,4.0,0.0,4.0
Charles Sims,47.0,6.0,2.0,8.0
Charles Stackhouse,16.0,3.0,0.0,3.0
Charles Tillman,75.0,0.0,0.0,0.0
Charlie Frye,20.0,0.0,4.0,4.0
Charlie Peprah,16.0,0.0,0.0,0.0
Charlie Whitehurst,8.0,0.0,2.0,2.0
Charone Peake,15.0,0.0,0.0,0.0
Chase Coffman,15.0,2.0,0.0,2.0
Chase Edmonds,70.0,6.0,11.0,17.0
Chastin West,12.0,2.0,0.0,2.0
Chauncey Davis,32.0,0.0,0.0,0.0
Chester Taylor,151.0,6.0,26.0,32.0
Chevis Jackson,16.0,0.0,0.0,0.0
Chris Boswell,116.0,0.0,0.0,0.0
Chris Canty,16.0,0.0,0.0,0.0
Chris Carson,49.0,7.0,24.0,31.0
Chris Chambers,153.0,58.0,0.0,58.0
Chris Combs,16.0,1.0,0.0,1.0
Chris Conley,79.0,15.0,0.0,15.0
Chris Conte,14.0,0.0,0.0,0.0
Chris Cooley,103.0,33.0,0.0,33.0
Chris Culliver,14.0,0.0,0.0,0.0
Chris Gamble,46.0,0.0,0.0,0.0
Chris Givens,44.0,5.0,0.0,5.0
Chris Gocong,16.0,0.0,0.0,0.0
Chris Godwin,87.0,32.0,1.0,33.0
Chris Gragg,19.0,2.0,0.0,2.0
Chris Herndon,48.0,8.0,0.0,8.0
Chris Hope,32.0,1.0,0.0,1.0
Chris Houston,30.0,0.0,0.0,0.0
Chris Johnson,135.0,7.0,41.0,48.0
Chris Kelsay,23.0,0.0,0.0,0.0
Chris Long,16.0,0.0,0.0,0.0
Chris Moore,72.0,8.0,0.0,8.0
Chris Ogbonnaya,36.0,2.0,2.0,4.0
Chris Owusu,8.0,1.0,1.0,2.0
Chris Perry,27.0,2.0,2.0,4.0
Chris Polk,44.0,1.0,8.0,9.0
Chris Rainey,16.0,0.0,2.0,2.0
Chris Simms,3.0,0.0,1.0,1.0
Chris Taylor,4.0,0.0,1.0,1.0
Chris Warren,162.0,5.0,52.0,57.0
Chris Weinke,15.0,0.0,6.0,6.0
Chris Williams,7.0,0.0,0.0,0.0
Christian Kirk,73.0,25.0,0.0,25.0
Christian McCaffrey,59.0,18.0,23.0,41.0
Christian Ponder,27.0,0.0,7.0,7.0
Christine Michael,15.0,1.0,7.0,8.0
Chuck Clark,32.0,0.0,0.0,0.0
Ciatrick Fason,18.0,0.0,5.0,5.0
Clarence Moore,25.0,5.0,0.0,5.0
Clay Harbor,83.0,8.0,0.0,8.0
Clay Matthews,59.0,0.0,0.0,0.0
Cleo Lemon,9.0,0.0,4.0,4.0
Cliff Avril,16.0,0.0,0.0,0.0
Cliff Harris,14.0,0.0,0.0,0.0
Clifton Smith,9.0,0.0,0.0,0.0
Clint Ingram,13.0,0.0,0.0,0.0
Clinton Portis,113.0,5.0,75.0,80.0
Clive Walford,31.0,6.0,0.0,6.0
Cobi Hamilton,11.0,2.0,0.0,2.0
Coby Fleener,87.0,22.0,1.0,23.0
Cody Core,14.0,1.0,0.0,1.0
Cody Grimm,11.0,0.0,0.0,0.0
Cody Latimer,46.0,6.0,0.0,6.0
Colby Bockwoldt,16.0,0.0,0.0,0.0
Colin Kaepernick,66.0,0.0,13.0,13.0
Colin McCarthy,7.0,0.0,0.0,0.0
Colt McCoy,13.0,0.0,2.0,2.0
Connor Barwin,16.0,0.0,0.0,0.0
Conor McDermott,6.0,1.0,0.0,1.0
Cooper Carlisle,16.0,1.0,0.0,1.0
Cooper Kupp,63.0,30.0,1.0,31.0
Cordarrelle Patterson,92.0,9.0,18.0,27.0
Corey Clement,68.0,3.0,8.0,11.0
Corey Coleman,19.0,5.0,0.0,5.0
Corey Davis,67.0,17.0,0.0,17.0
Corey Fuller,48.0,1.0,0.0,1.0
Corey Graham,29.0,0.0,0.0,0.0
Corey Lemonier,16.0,0.0,0.0,0.0
Corey Liuget,16.0,0.0,0.0,0.0
Corey Peters,30.0,0.0,0.0,0.0
Corey Webster,14.0,0.0,0.0,0.0
Corey Wootton,16.0,0.0,0.0,0.0
Correll Buckhalter,103.0,6.0,21.0,27.0
Cortez Allen,14.0,0.0,0.0,0.0
Cory Harkey,31.0,3.0,0.0,3.0
Cory Littleton,16.0,0.0,0.0,0.0
Cory Redding,43.0,0.0,0.0,0.0
Cory Ross,6.0,0.0,1.0,1.0
Coty Sensabaugh,16.0,0.0,0.0,0.0
Courtland Sutton,64.0,14.0,0.0,14.0
Courtney Anderson,39.0,6.0,0.0,6.0
Courtney Brown,5.0,0.0,0.0,0.0
Courtney Roby,41.0,1.0,0.0,1.0
Craig Krenzel,6.0,0.0,0.0,0.0
Craig Stevens,61.0,6.0,0.0,6.0
Craig Terrill,16.0,0.0,0.0,0.0
Craphonso Thorpe,5.0,1.0,0.0,1.0
Crockett Gillmore,32.0,6.0,0.0,6.0
Curtis Brown,69.0,5.0,9.0,14.0
Curtis DeLoatch,7.0,0.0,0.0,0.0
Curtis Johnson,28.0,0.0,0.0,0.0
Curtis Lofton,16.0,0.0,0.0,0.0
Curtis Samuel,61.0,18.0,6.0,24.0
Cyrus Gray,9.0,0.0,1.0,1.0
Cyrus Jones,13.0,0.0,0.0,0.0
D'Onta Foreman,43.0,2.0,10.0,12.0
D'Qwell Jackson,48.0,0.0,0.0,0.0
D.D. Lewis,14.0,0.0,0.0,0.0
D.J. Hackett,33.0,9.0,0.0,9.0
D.J. Hayden,16.0,0.0,0.0,0.0
D.J. Johnson,16.0,0.0,0.0,0.0
D.J. Reed,16.0,0.0,0.0,0.0
D.J. Tialavea,2.0,1.0,0.0,1.0
Da'Norris Searcy,16.0,0.0,0.0,0.0
Da'Rel Scott,5.0,1.0,0.0,1.0
Da'Rick Rogers,5.0,2.0,0.0,2.0
DaQuan Jones,16.0,0.0,0.0,0.0
Dak Prescott,97.0,1.0,26.0,27.0
Dallas Clark,127.0,43.0,0.0,43.0
Dallas Goedert,69.0,19.0,0.0,19.0
Dalton Schultz,48.0,17.0,0.0,17.0
Dalvin Cook,73.0,5.0,47.0,52.0
Damarious Randall,29.0,0.0,0.0,0.0
Damian Williams,15.0,5.0,0.0,5.0
Damien Williams,97.0,11.0,14.0,25.0
Dan Bailey,154.0,0.0,0.0,0.0
Dan Herron,16.0,0.0,1.0,1.0
Dan Klecko,10.0,1.0,0.0,1.0
Dan Williams,14.0,0.0,0.0,0.0
Danario Alexander,28.0,10.0,0.0,10.0
Dane Cruikshank,12.0,1.0,0.0,1.0
Dane Sanzenbacher,16.0,3.0,0.0,3.0
Danieal Manning,45.0,0.0,0.0,0.0
Daniel Bullocks,16.0,0.0,0.0,0.0
Daniel Carlson,61.0,0.0,0.0,0.0
Daniel Fells,62.0,12.0,0.0,12.0
Daniel Graham,126.0,25.0,0.0,25.0
Daniel Sorensen,55.0,0.0,0.0,0.0
Daniel Thomas,62.0,3.0,10.0,13.0
Danielle Hunter,32.0,0.0,0.0,0.0
Danny Amendola,148.0,24.0,0.0,24.0
Danny Farmer,12.0,1.0,0.0,1.0
Danny Trevathan,15.0,0.0,0.0,0.0
Dante Fowler,32.0,0.0,0.0,0.0
Dante Rosario,75.0,8.0,0.0,8.0
Dante Wesley,16.0,0.0,0.0,0.0
Dare Ogunbowale,50.0,1.0,4.0,5.0
Darian Stewart,15.0,0.0,0.0,0.0
Darius Butler,41.0,0.0,0.0,0.0
Darius Johnson,10.0,1.0,0.0,1.0
Darius Reynaud,16.0,0.0,0.0,0.0
Darius Slay,31.0,0.0,0.0,0.0
Darius Walker,4.0,0.0,1.0,1.0
Darius Watts,16.0,1.0,0.0,1.0
Darnell Dockett,31.0,0.0,0.0,0.0
Daron Payne,17.0,0.0,0.0,0.0
Darqueze Dennard,16.0,0.0,0.0,0.0
Darrel Williams,57.0,4.0,11.0,15.0
Darrell Daniels,12.0,1.0,0.0,1.0
Darrell Jackson,123.0,51.0,0.0,51.0
Darrell Stuckey,16.0,0.0,0.0,0.0
Darrelle Revis,16.0,0.0,0.0,0.0
Darren Howard,16.0,0.0,0.0,0.0
Darren McFadden,99.0,5.0,28.0,33.0
Darren Sproles,165.0,32.0,23.0,55.0
Darren Waller,64.0,19.0,0.0,19.0
Darrent Williams,27.0,0.0,0.0,0.0
Darrick Vaughn,32.0,0.0,0.0,0.0
Darrius Heyward-Bey,114.0,16.0,2.0,18.0
Darron Lee,12.0,0.0,0.0,0.0
Darryl Tapp,16.0,0.0,0.0,0.0
Daryl Smith,46.0,0.0,0.0,0.0
Dashon Goldson,31.0,0.0,0.0,0.0
Davante Adams,86.0,44.0,0.0,44.0
Dave Ball,15.0,0.0,0.0,0.0
Dave Costa,14.0,0.0,0.0,0.0
Dave Rayner,45.0,0.0,0.0,0.0
Daven Holly,14.0,0.0,0.0,0.0
David Allen,14.0,1.0,0.0,1.0
David Amerson,32.0,0.0,0.0,0.0
David Anderson,30.0,4.0,0.0,4.0
David Barrett,11.0,0.0,0.0,0.0
David Bass,12.0,0.0,0.0,0.0
David Buehler,16.0,0.0,0.0,0.0
David Carr,66.0,0.0,9.0,9.0
David Clowney,13.0,1.0,0.0,1.0
David Cobb,7.0,0.0,1.0,1.0
David Fales,2.0,0.0,1.0,1.0
David Garrard,73.0,0.0,17.0,17.0
David Gettis,15.0,3.0,0.0,3.0
David Givens,53.0,12.0,0.0,12.0
David Harris,16.0,0.0,0.0,0.0
David Macklin,16.0,0.0,0.0,0.0
David Martin,108.0,15.0,0.0,15.0
David Morgan,15.0,1.0,0.0,1.0
David Njoku,79.0,19.0,0.0,19.0
David Quessenberry,4.0,1.0,0.0,1.0
David Reed,13.0,0.0,0.0,0.0
David Sims,26.0,4.0,19.0,23.0
David Terrell,53.0,9.0,0.0,9.0
David Thomas,58.0,8.0,0.0,8.0
David Wilson,21.0,1.0,5.0,6.0
Davis Webb,1.0,0.0,1.0,1.0
Davone Bess,91.0,14.0,0.0,14.0
Dawan Landry,48.0,0.0,0.0,0.0
De'Anthony Thomas,43.0,4.0,2.0,6.0
De'Vondre Campbell,13.0,0.0,0.0,0.0
DeAndre Hopkins,99.0,40.0,0.0,40.0
DeAndre Levy,43.0,0.0,0.0,0.0
DeAngelo Hall,100.0,0.0,0.0,0.0
DeAngelo Williams,136.0,9.0,61.0,70.0
DeMarco Murray,83.0,6.0,36.0,42.0
DeMarcus Ware,32.0,0.0,0.0,0.0
DeSean Jackson,176.0,58.0,4.0,62.0
DeShaun Foster,79.0,5.0,11.0,16.0
DeShawn Wynn,12.0,0.0,5.0,5.0
DeShone Kizer,15.0,0.0,5.0,5.0
DeVante Parker,106.0,27.0,0.0,27.0
DeVier Posey,11.0,0.0,0.0,0.0
Dean Lowry,16.0,0.0,0.0,0.0
Deatrich Wise Jr.,16.0,0.0,0.0,0.0
Dede Westbrook,38.0,9.0,0.0,9.0
Deion Branch,130.0,39.0,0.0,39.0
Deion Jones,53.0,0.0,0.0,0.0
Dekoda Watson,14.0,0.0,0.0,0.0
Delanie Walker,145.0,36.0,1.0,37.0
Delano Howell,6.0,0.0,0.0,0.0
Delone Carter,26.0,0.0,5.0,5.0
Deltha O'Neal,73.0,0.0,0.0,0.0
Demarcus Ayers,2.0,1.0,0.0,1.0
Demarcus Faggins,27.0,0.0,0.0,0.0
Demarcus Robinson,82.0,16.0,0.0,16.0
Demaryius Thomas,143.0,63.0,0.0,63.0
Demetrin Veal,15.0,0.0,0.0,0.0
Demetrius Williams,35.0,4.0,0.0,4.0
Demorrio Williams,46.0,0.0,0.0,0.0
Denard Robinson,26.0,0.0,5.0,5.0
Denarius Moore,41.0,17.0,1.0,18.0
Dennis Dixon,1.0,0.0,1.0,1.0
Dennis Johnson,16.0,0.0,2.0,2.0
Dennis Northcutt,105.0,18.0,1.0,19.0
Dennis Pitta,52.0,13.0,0.0,13.0
Denzel Ward,41.0,0.0,0.0,0.0
Deon Anderson,14.0,1.0,0.0,1.0
Deon Butler,13.0,4.0,0.0,4.0
Deone Bucannon,16.0,0.0,0.0,0.0
Derek Anderson,24.0,0.0,5.0,5.0
Derek Barnett,15.0,0.0,0.0,0.0
Derek Carr,48.0,0.0,6.0,6.0
Derek Fine,10.0,1.0,0.0,1.0
Derek Hagan,81.0,7.0,0.0,7.0
Derek Moye,7.0,1.0,0.0,1.0
Derek Schouman,16.0,1.0,0.0,1.0
Derek Smith,30.0,0.0,0.0,0.0
Derrick Blaylock,28.0,2.0,10.0,12.0
Derrick Henry,55.0,1.0,32.0,33.0
Derrick Pope,16.0,0.0,0.0,0.0
Derrick Shelby,16.0,0.0,0.0,0.0
Derrius Guice,5.0,1.0,2.0,3.0
Deshaun Watson,60.0,1.0,18.0,19.0
Desmond Bishop,15.0,0.0,0.0,0.0
Desmond King,46.0,0.0,0.0,0.0
Desmond Trufant,31.0,0.0,0.0,0.0
Deuce McAllister,94.0,5.0,49.0,54.0
Devard Darling,32.0,4.0,0.0,4.0
Devery Henderson,123.0,20.0,1.0,21.0
Devin Aromashodu,26.0,5.0,0.0,5.0
Devin Funchess,61.0,21.0,0.0,21.0
Devin Hester,91.0,10.0,1.0,11.0
Devin McCourty,48.0,0.0,0.0,0.0
Devin Smith,14.0,2.0,0.0,2.0
Devin Street,15.0,1.0,0.0,1.0
Devin Taylor,16.0,0.0,0.0,0.0
Devin Thomas,30.0,3.0,1.0,4.0
Devon Kennard,16.0,0.0,0.0,0.0
Devonta Freeman,96.0,12.0,38.0,50.0
Devontae Booker,77.0,2.0,11.0,13.0
Dexter McCluster,83.0,7.0,2.0,9.0
Dez Bryant,103.0,59.0,0.0,59.0
Dez White,68.0,11.0,0.0,11.0
Dezmon Briscoe,18.0,7.0,0.0,7.0
Dion Dawkins,32.0,2.0,0.0,2.0
Dion Lewis,95.0,8.0,13.0,21.0
Dion Sims,70.0,9.0,0.0,9.0
Domanick Williams,40.0,5.0,23.0,28.0
Dominique Barber,13.0,0.0,0.0,0.0
Dominique Byrd,5.0,1.0,0.0,1.0
Dominique Rodgers-Cromartie,78.0,0.0,0.0,0.0
Don Carey,13.0,0.0,0.0,0.0
Donald Brown,76.0,2.0,18.0,20.0
Donald Butler,28.0,0.0,0.0,0.0
Donald Jones,35.0,6.0,0.0,6.0
Donald Lee,109.0,19.0,0.0,19.0
Donald Penn,64.0,4.0,0.0,4.0
Donald Strickland,14.0,0.0,0.0,0.0
Donnie Avery,71.0,14.0,1.0,15.0
Dont'a Hightower,42.0,0.0,0.0,0.0
Dontae Johnson,32.0,0.0,0.0,0.0
Dontari Poe,31.0,0.0,2.0,2.0
Donte Jackson,25.0,0.0,0.0,0.0
Donte Moncrief,69.0,21.0,0.0,21.0
Donte Whitner,26.0,0.0,0.0,0.0
Donte' Stallworth,107.0,35.0,0.0,35.0
Dorial Green-Beckham,31.0,6.0,0.0,6.0
Doug Chapman,16.0,1.0,0.0,1.0
Doug Gabriel,57.0,8.0,0.0,8.0
Doug Johnson,16.0,0.0,2.0,2.0
Doug Jolley,63.0,6.0,0.0,6.0
Doug Martin,68.0,1.0,24.0,25.0
Drayton Florence,46.0,0.0,0.0,0.0
Dre Kirkpatrick,30.0,0.0,0.0,0.0
Drew Brees,238.0,1.0,25.0,26.0
Drew Carter,33.0,8.0,0.0,8.0
Drew Kaser,16.0,0.0,0.0,0.0
Drew Stanton,9.0,0.0,2.0,2.0
Duke Johnson,96.0,12.0,11.0,23.0
Dunta Robinson,16.0,0.0,0.0,0.0
Durham Smythe,31.0,3.0,1.0,4.0
Dustin Hopkins,109.0,0.0,0.0,0.0
Dustin Keller,72.0,17.0,0.0,17.0
Dustin Lyman,28.0,3.0,0.0,3.0
Dwan Edwards,16.0,0.0,0.0,0.0
Dwayne Allen,73.0,20.0,0.0,20.0
Dwayne Blakley,16.0,1.0,0.0,1.0
Dwayne Bowe,103.0,44.0,0.0,44.0
Dwayne Gratz,15.0,0.0,0.0,0.0
Dwayne Harris,75.0,8.0,0.0,8.0
Dwayne Jarrett,13.0,1.0,0.0,1.0
Dwight Freeney,24.0,0.0,0.0,0.0
Dwight Lowery,46.0,0.0,0.0,0.0
Dwight Smith,14.0,0.0,0.0,0.0
E.J. Henderson,16.0,0.0,0.0,0.0
Earl Bennett,68.0,12.0,0.0,12.0
Earl Thomas,94.0,14.0,0.0,14.0
Early Doucet,35.0,7.0,0.0,7.0
Earnest Graham,37.0,1.0,15.0,16.0
Ed Dickson,121.0,15.0,0.0,15.0
Ed Reed,60.0,0.0,0.0,0.0
Eddie Berlin,30.0,2.0,0.0,2.0
Eddie Goldman,16.0,0.0,0.0,0.0
Eddie Jackson,32.0,0.0,0.0,0.0
Eddie Lacy,46.0,6.0,23.0,29.0
Eddie Royal,116.0,28.0,0.0,28.0
Eddy Pineiro,38.0,0.0,0.0,0.0
Edwin Baker,3.0,0.0,2.0,2.0
Edwin Williams,15.0,0.0,0.0,0.0
Eldra Buckley,16.0,0.0,1.0,1.0
Eli Manning,111.0,0.0,7.0,7.0
Elijah McGuire,24.0,2.0,4.0,6.0
Ellis Hobbs,47.0,0.0,0.0,0.0
Elvis Dumervil,16.0,0.0,0.0,0.0
Emmanuel Sanders,172.0,51.0,1.0,52.0
Eric Berry,16.0,0.0,0.0,0.0
Eric Decker,111.0,53.0,0.0,53.0
Eric Ebron,106.0,33.0,3.0,36.0
Eric Fisher,15.0,1.0,0.0,1.0
Eric Green,120.0,36.0,0.0,36.0
Eric Johnson,59.0,9.0,0.0,9.0
Eric Kendricks,48.0,0.0,0.0,0.0
Eric Rowe,16.0,0.0,0.0,0.0
Eric Saubert,34.0,2.0,0.0,2.0
Eric Tomlinson,31.0,3.0,0.0,3.0
Eric Weddle,77.0,0.0,0.0,0.0
Eric Wright,42.0,0.0,0.0,0.0
Erik Lorig,26.0,2.0,0.0,2.0
Ernest Wilford,78.0,15.0,0.0,15.0
Erron Kinney,68.0,10.0,0.0,10.0
Ethan Westbrooks,16.0,0.0,0.0,0.0
Eugene Wilson,11.0,0.0,0.0,0.0
Evan Engram,82.0,20.0,1.0,21.0
Evan Moore,28.0,5.0,0.0,5.0
Evan Royster,16.0,0.0,2.0,2.0
Everson Griffen,48.0,0.0,0.0,0.0
Ezekiel Elliott,88.0,11.0,53.0,64.0
Felix Jones,64.0,3.0,11.0,14.0
Fili Moala,16.0,0.0,0.0,0.0
Fletcher Cox,46.0,0.0,0.0,0.0
Fozzy Whittaker,51.0,4.0,2.0,6.0
Frank Clark,15.0,0.0,0.0,0.0
Frank Gore,241.0,18.0,81.0,99.0
Frank Moreau,14.0,0.0,5.0,5.0
Fred Davis,54.0,13.0,0.0,13.0
Fred Robbins,16.0,0.0,0.0,0.0
Fred Smoot,14.0,0.0,0.0,0.0
Fred Wakefield,16.0,0.0,0.0,0.0
Fred Warner,16.0,0.0,0.0,0.0
Fred Weary,30.0,0.0,0.0,0.0
Freddie Mitchell,47.0,5.0,0.0,5.0
Frostee Rucker,13.0,0.0,0.0,0.0
Gaines Adams,16.0,0.0,0.0,0.0
Gareon Conley,15.0,0.0,0.0,0.0
Garrett Graham,47.0,10.0,0.0,10.0
Garrett Wolfe,21.0,0.0,1.0,1.0
Gary Barnidge,64.0,14.0,0.0,14.0
Gary Guyton,16.0,0.0,0.0,0.0
Gary Russell,12.0,0.0,3.0,3.0
Gavin Escobar,62.0,8.0,0.0,8.0
Geno Atkins,32.0,0.0,0.0,0.0
Geno Hayes,25.0,0.0,0.0,0.0
Geno Smith,51.0,0.0,9.0,9.0
George Atkinson,44.0,0.0,1.0,1.0
George Kittle,68.0,26.0,0.0,26.0
George Wilson,85.0,15.0,0.0,15.0
George Wrighster,62.0,9.0,0.0,9.0
Gerald Everett,92.0,16.0,1.0,17.0
Gerald Hayes,22.0,0.0,0.0,0.0
Gerald Hodges,14.0,0.0,0.0,0.0
Gerald Riggs,129.0,0.0,69.0,69.0
Gerard Warren,12.0,0.0,0.0,0.0
Geronimo Allison,31.0,6.0,0.0,6.0
Gibril Wilson,16.0,0.0,0.0,0.0
Gijon Robinson,11.0,1.0,0.0,1.0
Giovani Bernard,111.0,14.0,22.0,36.0
Glen Coffee,14.0,0.0,1.0,1.0
Glover Quin,32.0,0.0,0.0,0.0
Godwin Igwebuike,17.0,0.0,1.0,1.0
Golden Tate,149.0,46.0,0.0,46.0
Graham Gano,184.0,0.0,0.0,0.0
Greg Hardy,31.0,0.0,0.0,0.0
Greg Jennings,143.0,64.0,0.0,64.0
Greg Little,48.0,8.0,0.0,8.0
Greg Olsen,199.0,60.0,0.0,60.0
Greg Robinson,23.0,0.0,2.0,2.0
Greg Salas,12.0,1.0,1.0,2.0
Guy Whimper,16.0,1.0,0.0,1.0
Ha Ha Clinton-Dix,16.0,0.0,0.0,0.0
Hakeem Nicks,71.0,31.0,0.0,31.0
Hank Baskett,47.0,6.0,0.0,6.0
Hank Poteat,15.0,0.0,0.0,0.0
Harrison Butker,90.0,0.0,0.0,0.0
Harrison Smith,45.0,0.0,0.0,0.0
Harry Douglas,105.0,10.0,1.0,11.0
Hassan Ridgeway,13.0,0.0,0.0,0.0
Hayden Epstein,15.0,0.0,0.0,0.0
Hayden Hurst,70.0,14.0,0.0,14.0
Heath Evans,66.0,4.0,4.0,8.0
Heath Miller,168.0,45.0,0.0,45.0
Henry Hynoski,16.0,1.0,0.0,1.0
Howard Jones,12.0,0.0,0.0,0.0
Hunter Henry,89.0,32.0,0.0,32.0
Hunter Sharp,3.0,1.0,0.0,1.0
Husain Abdullah,32.0,0.0,0.0,0.0
Ian Gold,22.0,0.0,0.0,0.0
Ian Thomas,48.0,4.0,0.0,4.0
Ifeadi Odenigbo,31.0,0.0,0.0,0.0
Ifeanyi Ohalete,16.0,0.0,0.0,0.0
Ike Charlton,15.0,0.0,0.0,0.0
Isaac Rochell,16.0,0.0,0.0,0.0
Isaiah Crowell,77.0,1.0,27.0,28.0
Isaiah Ford,13.0,2.0,0.0,2.0
Isaiah McKenzie,69.0,11.0,4.0,15.0
Isaiah Pead,10.0,0.0,0.0,0.0
J.C. Jackson,17.0,0.0,0.0,0.0
J.J. Arrington,58.0,2.0,3.0,5.0
J.J. Watt,16.0,0.0,0.0,0.0
J.P. Foschi,15.0,2.0,0.0,2.0
J.P. Losman,21.0,0.0,3.0,3.0
J.R. Redmond,12.0,2.0,1.0,3.0
J.T. Thomas,59.0,0.0,0.0,0.0
JaJuan Dawson,16.0,2.0,0.0,2.0
JaMarcus Russell,15.0,0.0,1.0,1.0
Jabar Gaffney,155.0,24.0,0.0,24.0
Jabari Greer,33.0,0.0,0.0,0.0
Jabrill Peppers,11.0,0.0,0.0,0.0
Jace Amaro,14.0,2.0,0.0,2.0
Jacob Hester,65.0,3.0,3.0,6.0
Jacob Tamme,102.0,14.0,0.0,14.0
Jacoby Brissett,72.0,0.0,15.0,15.0
Jacoby Ford,24.0,3.0,2.0,5.0
Jacoby Jones,89.0,13.0,0.0,13.0
Jacquies Smith,12.0,0.0,0.0,0.0
Jacquizz Rodgers,105.0,5.0,9.0,14.0
Jadeveon Clowney,44.0,0.0,0.0,0.0
Jaelen Strong,12.0,4.0,0.0,4.0
Jahvid Best,22.0,3.0,6.0,9.0
Jaire Alexander,15.0,0.0,0.0,0.0
Jairus Byrd,32.0,0.0,0.0,0.0
Jake Arians,10.0,0.0,0.0,0.0
Jake Elliott,79.0,0.0,0.0,0.0
Jake Locker,30.0,0.0,5.0,5.0
Jake Scott,14.0,0.0,0.0,0.0
Jake Stoneburner,11.0,2.0,0.0,2.0
Jalen Mills,15.0,0.0,0.0,0.0
Jalen Ramsey,16.0,0.0,0.0,0.0
Jalin Marshall,10.0,2.0,0.0,2.0
Jalston Fowler,26.0,1.0,2.0,3.0
Jamaal Anderson,15.0,0.0,0.0,0.0
Jamaal Charles,86.0,10.0,27.0,37.0
Jamaal Williams,90.0,8.0,30.0,38.0
Jamal Lewis,115.0,4.0,44.0,48.0
Jamar Fletcher,13.0,0.0,0.0,0.0
Jameel Cook,42.0,3.0,0.0,3.0
Jameel McClain,32.0,0.0,0.0,0.0
Jameis Winston,79.0,0.0,11.0,11.0
James Allen,83.0,3.0,4.0,7.0
James Bradberry,17.0,0.0,0.0,0.0
James Casey,46.0,6.0,0.0,6.0
James Conner,64.0,8.0,44.0,52.0
James Davis,9.0,0.0,0.0,0.0
James Hall,46.0,0.0,0.0,0.0
James Hanna,16.0,1.0,0.0,1.0
James Hardy,14.0,2.0,0.0,2.0
James Jackson,23.0,0.0,5.0,5.0
James Jones,301.0,64.0,28.0,92.0
James Laurinaitis,16.0,0.0,0.0,0.0
James Starks,73.0,6.0,9.0,15.0
James Washington,60.0,11.0,0.0,11.0
James White,92.0,25.0,11.0,36.0
James Williams,48.0,1.0,0.0,1.0
Jamey Richard,15.0,0.0,0.0,0.0
Jamie Collins,28.0,0.0,0.0,0.0
Jamie Harper,23.0,0.0,4.0,4.0
Jamison Crowder,96.0,28.0,0.0,28.0
Jared Cook,180.0,45.0,0.0,45.0
Jared Goff,86.0,0.0,10.0,10.0
Jarett Dillard,14.0,1.0,0.0,1.0
Jarius Wright,79.0,11.0,0.0,11.0
Jarret Johnson,32.0,0.0,0.0,0.0
Jarrett Boykin,16.0,3.0,0.0,3.0
Jarrett Payton,13.0,0.0,2.0,2.0
Jarrod Baxter,16.0,1.0,0.0,1.0
Jarrod Cooper,16.0,0.0,0.0,0.0
Jarvis Green,16.0,0.0,0.0,0.0
Jarvis Landry,132.0,38.0,5.0,43.0
Jason Avant,118.0,13.0,0.0,13.0
Jason Cabinda,14.0,1.0,0.0,1.0
Jason Campbell,64.0,0.0,6.0,6.0
Jason Glenn,15.0,0.0,0.0,0.0
Jason Hatcher,32.0,0.0,0.0,0.0
Jason Hill,49.0,9.0,0.0,9.0
Jason McAddley,9.0,1.0,0.0,1.0
Jason Peters,21.0,1.0,0.0,1.0
Jason Phillips,28.0,2.0,0.0,2.0
Jason Pierre-Paul,39.0,0.0,0.0,0.0
Jason Snelling,80.0,9.0,8.0,17.0
Jason Verrett,14.0,0.0,0.0,0.0
Jason Webster,32.0,0.0,0.0,0.0
Jason Witten,239.0,58.0,0.0,58.0
Jason Wright,50.0,3.0,2.0,5.0
Javarris James,10.0,0.0,6.0,6.0
Javier Arenas,15.0,0.0,1.0,1.0
Javon Hargrave,15.0,0.0,0.0,0.0
Javon Ringer,28.0,0.0,3.0,3.0
Javon Walker,71.0,31.0,1.0,32.0
Javon Wims,29.0,2.0,0.0,2.0
Javorius Allen,56.0,6.0,9.0,15.0
Jay Ajayi,42.0,1.0,13.0,14.0
Jay Cutler,103.0,0.0,9.0,9.0
Jay Richardson,16.0,0.0,0.0,0.0
Jaylen Samuels,28.0,4.0,1.0,5.0
Jaylon Smith,16.0,0.0,0.0,0.0
Jayon Brown,30.0,0.0,0.0,0.0
Jeff Chandler,13.0,0.0,0.0,0.0
Jeff Driskel,12.0,0.0,3.0,3.0
Jeff Dugan,23.0,3.0,0.0,3.0
Jeff Fuller,14.0,0.0,0.0,0.0
Jeff Heuerman,39.0,5.0,0.0,5.0
Jeff Janis,16.0,1.0,1.0,2.0
Jeff King,92.0,12.0,0.0,12.0
Jeff Maehl,16.0,1.0,0.0,1.0
Jeff Ulbrich,15.0,0.0,0.0,0.0
Jeff Wilson,47.0,5.0,18.0,23.0
Jerell Adams,13.0,1.0,0.0,1.0
Jeremi Johnson,80.0,6.0,2.0,8.0
Jeremy Hill,47.0,1.0,29.0,30.0
Jeremy Kerley,98.0,13.0,0.0,13.0
Jeremy Langford,28.0,1.0,10.0,11.0
Jeremy Maclin,114.0,49.0,0.0,49.0
Jeremy McNichols,30.0,1.0,1.0,2.0
Jeremy Shockey,109.0,35.0,0.0,35.0
Jeremy Sprinkle,43.0,3.0,0.0,3.0
Jerick McKinnon,93.0,16.0,13.0,29.0
Jerious Norwood,55.0,3.0,7.0,10.0
Jermaine Gresham,119.0,29.0,0.0,29.0
Jermaine Kearse,92.0,17.0,0.0,17.0
Jermaine Phillips,11.0,0.0,0.0,0.0
Jermichael Finley,70.0,20.0,0.0,20.0
Jerome Baker,16.0,0.0,0.0,0.0
Jerome Felton,16.0,0.0,0.0,0.0
Jerome Harrison,41.0,3.0,7.0,10.0
Jerome Mathis,3.0,0.0,0.0,0.0
Jerome Simpson,43.0,9.0,0.0,9.0
Jeron Johnson,16.0,0.0,0.0,0.0
Jerramy Stevens,100.0,22.0,0.0,22.0
Jerraud Powers,25.0,0.0,0.0,0.0
Jerrel Jernigan,15.0,2.0,1.0,3.0
Jerricho Cotchery,145.0,34.0,1.0,35.0
Jerry Hughes,31.0,0.0,0.0,0.0
Jerry Johnson,8.0,0.0,1.0,1.0
Jerry Porter,84.0,31.0,0.0,31.0
Jesse James,86.0,12.0,0.0,12.0
Jim Dray,32.0,3.0,0.0,3.0
Jim Leonhard,16.0,0.0,0.0,0.0
Jimmie Ward,32.0,0.0,0.0,0.0
Jimmy Garoppolo,48.0,0.0,7.0,7.0
Jimmy Graham,168.0,69.0,0.0,69.0
Jimmy Smith,199.0,67.0,0.0,67.0
Joe Burns,16.0,1.0,0.0,1.0
Joe Cooper,9.0,0.0,0.0,0.0
Joe Flacco,138.0,0.0,16.0,16.0
Joe Haden,29.0,0.0,0.0,0.0
Joe Klopfenstein,32.0,2.0,0.0,2.0
Joe McKnight,32.0,2.0,0.0,2.0
Joe Schobert,16.0,0.0,0.0,0.0
Joe Staley,16.0,0.0,0.0,0.0
Joe Williams,22.0,0.0,2.0,2.0
Joel Dreessen,90.0,19.0,0.0,19.0
Joey Haynos,23.0,3.0,0.0,3.0
John Abraham,16.0,0.0,0.0,0.0
John Beck,9.0,0.0,3.0,3.0
John Brown,99.0,32.0,0.0,32.0
John Carlson,76.0,15.0,0.0,15.0
John Clay,2.0,0.0,1.0,1.0
John Conner,44.0,1.0,2.0,3.0
John Frank,66.0,10.0,0.0,10.0
John Henderson,52.0,10.0,0.0,10.0
John Johnson,16.0,0.0,0.0,0.0
John Jones,15.0,1.0,0.0,1.0
John Owens,16.0,1.0,0.0,1.0
John Phillips,80.0,5.0,0.0,5.0
John Ross,31.0,11.0,0.0,11.0
John Simon,21.0,3.0,1.0,4.0
Johnathan Franklin,11.0,0.0,1.0,1.0
Johnathan Joseph,111.0,0.0,0.0,0.0
Johnnie Lee Higgins,16.0,4.0,0.0,4.0
Johnny Holton,16.0,3.0,0.0,3.0
Johnny Knox,45.0,12.0,0.0,12.0
Johnny Manziel,5.0,0.0,1.0,1.0
Johnthan Banks,15.0,0.0,0.0,0.0
Joique Bell,60.0,1.0,22.0,23.0
Jon McGraw,14.0,0.0,0.0,0.0
Jonas Gray,8.0,0.0,5.0,5.0
Jonathan Allen,16.0,0.0,0.0,0.0
Jonathan Babineaux,31.0,0.0,0.0,0.0
Jonathan Brown,1.0,0.0,0.0,0.0
Jonathan Dwyer,15.0,0.0,3.0,3.0
Jonathan Jones,16.0,0.0,0.0,0.0
Jonathan Smith,16.0,1.0,0.0,1.0
Jonathan Vilma,38.0,0.0,0.0,0.0
Jonathan Wells,47.0,2.0,10.0,12.0
Jonathan Williams,25.0,0.0,3.0,3.0
Jonnu Smith,76.0,17.0,1.0,18.0
Jordan Akins,44.0,8.0,0.0,8.0
Jordan Cameron,58.0,14.0,0.0,14.0
Jordan Hicks,8.0,0.0,0.0,0.0
Jordan Howard,71.0,2.0,37.0,39.0
Jordan Leggett,15.0,1.0,0.0,1.0
Jordan Matthews,70.0,22.0,0.0,22.0
Jordan Norwood,28.0,2.0,0.0,2.0
Jordan Poyer,15.0,0.0,0.0,0.0
Jordan Reed,64.0,28.0,0.0,28.0
Jordan Richards,12.0,0.0,0.0,0.0
Jordan Shipley,22.0,4.0,0.0,4.0
Jordan Todman,48.0,2.0,3.0,5.0
Jordan Wilkins,45.0,0.0,4.0,4.0
Jordy Nelson,151.0,72.0,0.0,72.0
Joseph Addai,78.0,9.0,39.0,48.0
Joseph Fauria,23.0,8.0,0.0,8.0
Joseph Randle,35.0,0.0,9.0,9.0
Josh Adams,22.0,0.0,5.0,5.0
Josh Allen,94.0,1.0,38.0,39.0
Josh Brown,201.0,0.0,0.0,0.0
Josh Doctson,31.0,8.0,0.0,8.0
Josh Freeman,41.0,0.0,4.0,4.0
Josh Huff,37.0,4.0,0.0,4.0
Josh Jackson,16.0,0.0,0.0,0.0
Josh Lambo,79.0,0.0,0.0,0.0
Josh Malone,11.0,1.0,0.0,1.0
Josh McCown,65.0,0.0,13.0,13.0
Josh Morgan,79.0,12.0,0.0,12.0
Josh Reed,88.0,10.0,0.0,10.0
Josh Reynolds,90.0,14.0,0.0,14.0
Josh Scobee,172.0,0.0,0.0,0.0
Josh Scobey,22.0,0.0,0.0,0.0
Josh Sweat,16.0,0.0,0.0,0.0
Josh Williams,14.0,0.0,0.0,0.0
Josh Wilson,70.0,0.0,0.0,0.0
Jourdan Lewis,16.0,0.0,0.0,0.0
JuJu Smith-Schuster,79.0,29.0,1.0,30.0
Julian Peterson,14.0,0.0,0.0,0.0
Julio Jones,125.0,49.0,0.0,49.0
Julius Jones,82.0,2.0,22.0,24.0
Julius Peppers,48.0,0.0,0.0,0.0
Julius Thomas,62.0,36.0,0.0,36.0
Junior Galette,16.0,0.0,0.0,0.0
Junior Hemingway,16.0,2.0,0.0,2.0
Juron Criner,12.0,1.0,0.0,1.0
Justin Bethel,64.0,0.0,0.0,0.0
Justin Blackmon,20.0,6.0,0.0,6.0
Justin Blalock,16.0,0.0,0.0,0.0
Justin Evans,10.0,0.0,0.0,0.0
Justin Fargas,68.0,0.0,10.0,10.0
Justin Forsett,99.0,1.0,19.0,20.0
Justin Gage,76.0,16.0,0.0,16.0
Justin Gilbert,14.0,0.0,0.0,0.0
Justin Green,12.0,0.0,0.0,0.0
Justin Griffith,96.0,12.0,1.0,13.0
Justin Hardy,48.0,9.0,0.0,9.0
Justin Houston,74.0,0.0,0.0,0.0
Justin Hunter,55.0,13.0,0.0,13.0
Justin Jackson,52.0,1.0,5.0,6.0
Justin McCareins,80.0,16.0,0.0,16.0
Justin Medlock,11.0,0.0,0.0,0.0
Justin Peelle,122.0,12.0,0.0,12.0
Justin Reid,33.0,0.0,0.0,0.0
Justin Simmons,13.0,0.0,0.0,0.0
Ka'Deem Carey,11.0,1.0,2.0,3.0
Kabeer Gbaja-Biamila,15.0,0.0,0.0,0.0
Kaelin Clay,20.0,0.0,0.0,0.0
Kahlil Bell,13.0,1.0,0.0,1.0
Kai Forbath,83.0,0.0,0.0,0.0
Kalen Ballage,35.0,0.0,7.0,7.0
Kam Chancellor,9.0,0.0,0.0,0.0
Kapri Bibbs,27.0,3.0,3.0,6.0
Kareem Hunt,76.0,17.0,31.0,48.0
Kareem Jackson,55.0,0.0,0.0,0.0
Karl Klug,16.0,0.0,0.0,0.0
Karlos Dansby,47.0,0.0,0.0,0.0
Karlos Williams,11.0,2.0,7.0,9.0
Kassim Osgood,62.0,5.0,0.0,5.0
Kawika Mitchell,31.0,0.0,0.0,0.0
Kealoha Pilares,20.0,1.0,0.0,1.0
Keary Colbert,44.0,8.0,0.0,8.0
Kedric Golston,15.0,0.0,0.0,0.0
Keenan Allen,125.0,52.0,0.0,52.0
Keenan Burton,13.0,1.0,0.0,1.0
Keiland Williams,30.0,2.0,5.0,7.0
Keith Bulluck,80.0,0.0,0.0,0.0
Keith Heinrich,7.0,2.0,0.0,2.0
Keith McGill,12.0,0.0,0.0,0.0
Keith Williams,12.0,1.0,0.0,1.0
Keiwan Ratliff,13.0,0.0,0.0,0.0
Keke Coutee,23.0,4.0,1.0,5.0
Kellen Clemens,14.0,0.0,3.0,3.0
Kellen Davis,95.0,13.0,0.0,13.0
Kellen Winslow,160.0,45.0,0.0,45.0
Kelley Washington,67.0,12.0,0.0,12.0
Kelly Campbell,37.0,8.0,0.0,8.0
Kelvin Benjamin,61.0,20.0,0.0,20.0
Kelvin Hayden,36.0,0.0,0.0,0.0
Kelvin Sheppard,16.0,0.0,0.0,0.0
Ken Lucas,32.0,0.0,0.0,0.0
Kenbrell Thompkins,12.0,4.0,0.0,4.0
Kendall Fuller,17.0,0.0,0.0,0.0
Kendall Hunter,43.0,0.0,7.0,7.0
Kendall Wright,82.0,19.0,0.0,19.0
Kendrick Bourne,80.0,17.0,0.0,17.0
Kendrick Lewis,32.0,0.0,0.0,0.0
Kenjon Barner,40.0,0.0,3.0,3.0
Kenneth Darby,14.0,1.0,2.0,3.0
Kenneth Dixon,18.0,1.0,4.0,5.0
Kenny Britt,104.0,32.0,0.0,32.0
Kenny Golladay,59.0,22.0,0.0,22.0
Kenny King,39.0,1.0,7.0,8.0
Kenny Stills,130.0,38.0,0.0,38.0
Kenny Vaccaro,12.0,0.0,0.0,0.0
Kenny Young,16.0,0.0,0.0,0.0
Kenoy Kennedy,16.0,0.0,0.0,0.0
Kenyan Drake,101.0,8.0,33.0,41.0
Kenyon Coleman,16.0,0.0,0.0,0.0
Kerry Rhodes,32.0,0.0,0.0,0.0
Kerryon Johnson,34.0,3.0,8.0,11.0
Kerwynn Williams,32.0,0.0,4.0,4.0
Keshawn Martin,41.0,5.0,0.0,5.0
Kevan Barlow,84.0,3.0,30.0,33.0
Kevin Boss,74.0,22.0,0.0,22.0
Kevin Burnett,48.0,0.0,0.0,0.0
Kevin Hogan,4.0,0.0,1.0,1.0
Kevin Johnson,90.0,25.0,0.0,25.0
Kevin Jones,53.0,3.0,24.0,27.0
Kevin Kasper,13.0,3.0,0.0,3.0
Kevin Kolb,11.0,0.0,2.0,2.0
Kevin McDougal,9.0,0.0,0.0,0.0
Kevin Minter,16.0,0.0,0.0,0.0
Kevin Ogletree,31.0,6.0,0.0,6.0
Kevin Smith,64.0,5.0,17.0,22.0
Kevin Williams,113.0,7.0,2.0,9.0
Keyaron Fox,16.0,0.0,0.0,0.0
Keyuo Craver,10.0,0.0,0.0,0.0
Khalif Barnes,16.0,1.0,0.0,1.0
Khalil Mack,16.0,0.0,0.0,0.0
Kiko Alonso,15.0,0.0,0.0,0.0
Kindal Moorehead,14.0,0.0,0.0,0.0
Kirk Cousins,131.0,0.0,19.0,19.0
Kirk Morrison,16.0,0.0,0.0,0.0
Knile Davis,46.0,1.0,11.0,12.0
Knowshon Moreno,63.0,9.0,27.0,36.0
Koa Misi,16.0,0.0,0.0,0.0
Kolby Smith,23.0,0.0,3.0,3.0
Koren Robinson,92.0,16.0,1.0,17.0
Kory Sperry,8.0,1.0,0.0,1.0
Kris Wilson,48.0,5.0,0.0,5.0
Kroy Biermann,48.0,0.0,0.0,0.0
Kurt Coleman,30.0,0.0,0.0,0.0
Kwame Harris,14.0,0.0,0.0,0.0
Kwon Alexander,16.0,0.0,0.0,0.0
Kyle Boller,25.0,0.0,2.0,2.0
Kyle Brindza,4.0,0.0,0.0,0.0
Kyle Emanuel,16.0,0.0,0.0,0.0
Kyle Johnson,44.0,8.0,1.0,9.0
Kyle Larson,16.0,0.0,1.0,1.0
Kyle Orton,27.0,0.0,4.0,4.0
Kyle Rudolph,165.0,50.0,0.0,50.0
Kyle Van Noy,47.0,0.0,0.0,0.0
Kyle Vanden Bosch,19.0,0.0,0.0,0.0
Kyle Wilber,16.0,0.0,0.0,0.0
Kyle Williams,40.0,4.0,1.0,5.0
Kyler Fackrell,12.0,0.0,0.0,0.0
L.J. Smith,86.0,18.0,0.0,18.0
LaBrandon Toefield,41.0,2.0,7.0,9.0
LaDainian Tomlinson,123.0,10.0,85.0,95.0
LaMarr Woodley,47.0,0.0,0.0,0.0
LaRon Landry,16.0,0.0,0.0,0.0
LaVar Arrington,36.0,0.0,0.0,0.0
LaVon Brazill,25.0,3.0,0.0,3.0
Ladarius Green,35.0,8.0,0.0,8.0
Ladell Betts,111.0,3.0,15.0,18.0
Lamar Gordon,37.0,2.0,3.0,5.0
Lamar Jackson,55.0,0.0,17.0,17.0
Lamar Miller,105.0,8.0,32.0,40.0
Lamarcus Joyner,12.0,0.0,0.0,0.0
Lamarr Houston,10.0,0.0,0.0,0.0
Lamont Thompson,16.0,0.0,0.0,0.0
Lance Briggs,64.0,0.0,0.0,0.0
Lance Kendricks,110.0,19.0,0.0,19.0
Lance Moore,125.0,44.0,1.0,45.0
Landon Collins,6.0,0.0,0.0,0.0
Landon Johnson,16.0,0.0,0.0,0.0
Lane Johnson,13.0,1.0,0.0,1.0
Laquon Treadwell,45.0,5.0,0.0,5.0
Lardarius Webb,30.0,0.0,0.0,0.0
Larry Brown,147.0,19.0,22.0,41.0
Larry Fitzgerald,247.0,109.0,0.0,109.0
Larry Foote,16.0,0.0,0.0,0.0
Larry Foster,10.0,1.0,0.0,1.0
Larry Johnson,52.0,4.0,38.0,42.0
Larry Tripplett,15.0,0.0,0.0,0.0
Laurence Maroney,42.0,1.0,21.0,22.0
Laurent Robinson,46.0,15.0,0.0,15.0
Lavelle Hawkins,16.0,1.0,0.0,1.0
Laveranues Coles,153.0,49.0,0.0,49.0
Lavonte David,45.0,0.0,0.0,0.0
Lawrence Sidbury,16.0,0.0,0.0,0.0
Lawrence Timmons,16.0,0.0,0.0,0.0
Lawrence Vickers,32.0,3.0,0.0,3.0
Le'Veon Bell,65.0,4.0,25.0,29.0
LeGarrette Blount,132.0,2.0,56.0,58.0
LeSean McCoy,129.0,11.0,47.0,58.0
Lee Evans,109.0,43.0,0.0,43.0
Lee Smith,103.0,11.0,0.0,11.0
Lee Suggs,17.0,1.0,4.0,5.0
Legedu Naanee,56.0,4.0,0.0,4.0
LenDale White,45.0,0.0,24.0,24.0
Leodis McKelvin,58.0,0.0,0.0,0.0
Leon Hall,44.0,0.0,0.0,0.0
Leon Jacobs,12.0,0.0,0.0,0.0
Leon Washington,96.0,2.0,10.0,12.0
Leonard Floyd,38.0,0.0,0.0,0.0
Leonard Fournette,79.0,7.0,34.0,41.0
Leonard Hankerson,40.0,9.0,0.0,9.0
Leonard Johnson,32.0,0.0,0.0,0.0
Leonard Pope,74.0,11.0,0.0,11.0
Leonte Carroo,23.0,2.0,0.0,2.0
Leroy Harris,63.0,1.0,13.0,14.0
Lestar Jean,14.0,1.0,0.0,1.0
Levine Toilolo,95.0,8.0,0.0,8.0
Lex Hilliard,32.0,2.0,2.0,4.0
Linval Joseph,15.0,0.0,0.0,0.0
Lito Sheppard,13.0,0.0,0.0,0.0
Lofa Tatupu,32.0,0.0,0.0,0.0
Logan Ryan,16.0,0.0,0.0,0.0
Logan Thomas,64.0,12.0,0.0,12.0
Lorenzo Carter,17.0,0.0,0.0,0.0
Lorenzo Taliaferro,16.0,0.0,5.0,5.0
Louis Delmas,28.0,0.0,0.0,0.0
Louis Murphy,89.0,11.0,1.0,12.0
Lousaka Polite,30.0,1.0,1.0,2.0
Luke Kuechly,16.0,0.0,0.0,0.0
Luke Stocker,58.0,5.0,0.0,5.0
Mack Hollins,66.0,10.0,0.0,10.0
Madieu Williams,32.0,0.0,0.0,0.0
Madison Hedgecock,32.0,2.0,0.0,2.0
Major Wright,43.0,0.0,0.0,0.0
Malcolm Brown,71.0,1.0,13.0,14.0
Malcolm Jenkins,107.0,0.0,0.0,0.0
Malcolm Mitchell,14.0,4.0,0.0,4.0
Malcom Brown,16.0,0.0,0.0,0.0
Malik Hooker,16.0,0.0,0.0,0.0
Malik Jackson,16.0,0.0,0.0,0.0
Manny Lawson,16.0,0.0,0.0,0.0
Marc Bulger,36.0,0.0,8.0,8.0
Marcedes Lewis,187.0,39.0,0.0,39.0
Marcel Shipp,46.0,3.0,11.0,14.0
Marcell Ateman,7.0,1.0,0.0,1.0
Marcell Dareus,15.0,0.0,0.0,0.0
Marcellus Rivers,48.0,4.0,0.0,4.0
Marcus Allen,197.0,15.0,101.0,116.0
Marcus Easley,13.0,1.0,0.0,1.0
Marcus Johnson,13.0,3.0,0.0,3.0
Marcus Mariota,80.0,1.0,17.0,18.0
Marcus Murphy,13.0,0.0,0.0,0.0
Marcus Peters,46.0,0.0,0.0,0.0
Marcus Spears,9.0,1.0,0.0,1.0
Marcus Trufant,32.0,0.0,0.0,0.0
Mario Edwards,32.0,0.0,0.0,0.0
Mario Haggan,16.0,0.0,0.0,0.0
Mario Manningham,54.0,19.0,0.0,19.0
Mario Williams,16.0,0.0,0.0,0.0
Marion Grice,10.0,0.0,1.0,1.0
Mark Andrews,60.0,25.0,0.0,25.0
Mark Barron,12.0,0.0,0.0,0.0
Mark Bradley,50.0,9.0,0.0,9.0
Mark Brown,15.0,0.0,0.0,0.0
Mark Clayton,223.0,98.0,2.0,100.0
Mark Ingram,270.0,36.0,65.0,101.0
Mark Jackson,141.0,29.0,1.0,30.0
Mark Sanchez,56.0,0.0,13.0,13.0
Mark Simoneau,16.0,0.0,0.0,0.0
Markus Golden,16.0,0.0,0.0,0.0
Markus Kuhn,14.0,0.0,0.0,0.0
Markus Wheaton,35.0,8.0,0.0,8.0
Marlon Brown,14.0,7.0,0.0,7.0
Marlon Humphrey,15.0,0.0,0.0,0.0
Marlon Mack,48.0,3.0,21.0,24.0
Marlon McCree,29.0,0.0,0.0,0.0
Marqise Lee,53.0,8.0,0.0,8.0
Marquand Manuel,16.0,0.0,0.0,0.0
Marques Anderson,14.0,0.0,0.0,0.0
Marques Colston,146.0,72.0,0.0,72.0
Marques Harris,15.0,0.0,0.0,0.0
Marquess Wilson,21.0,3.0,0.0,3.0
Marqueston Huff,14.0,0.0,0.0,0.0
Marquez Valdes-Scantling,76.0,15.0,0.0,15.0
Marquis Haynes,17.0,0.0,0.0,0.0
Marquise Goodwin,90.0,18.0,0.0,18.0
Marshall Koehn,1.0,0.0,0.0,0.0
Marshawn Lynch,133.0,8.0,74.0,82.0
Marshon Lattimore,20.0,0.0,0.0,0.0
Martavis Bryant,36.0,17.0,1.0,18.0
Martellus Bennett,91.0,30.0,0.0,30.0
Marvin Jones,145.0,58.0,0.0,58.0
Mason Crosby,258.0,0.0,0.0,0.0
Mason Foster,15.0,0.0,0.0,0.0
Mathias Kiwanuka,16.0,0.0,0.0,0.0
Matt Asiata,42.0,1.0,18.0,19.0
Matt Barkley,7.0,1.0,0.0,1.0
Matt Flynn,5.0,0.0,1.0,1.0
Matt Forte,146.0,21.0,54.0,75.0
Matt Judon,14.0,0.0,0.0,0.0
Matt Leinart,12.0,0.0,2.0,2.0
Matt Milano,16.0,0.0,0.0,0.0
Matt Ryan,138.0,1.0,13.0,14.0
Matt Schaub,21.0,0.0,4.0,4.0
Matt Schobel,94.0,12.0,0.0,12.0
Matt Shaughnessy,16.0,0.0,0.0,0.0
Matt Slauson,16.0,0.0,0.0,0.0
Matt Spaeth,94.0,10.0,0.0,10.0
Matt Ware,16.0,0.0,0.0,0.0
Matthew Stafford,118.0,0.0,15.0,15.0
Maurice Hicks,55.0,1.0,6.0,7.0
Maurice Hurst,16.0,0.0,0.0,0.0
Maurice Jones-Drew,98.0,8.0,60.0,68.0
Maurice Morris,114.0,5.0,13.0,18.0
Maurice Stovall,42.0,3.0,0.0,3.0
Maxx Williams,68.0,6.0,0.0,6.0
Mel Mitchell,15.0,0.0,0.0,0.0
Melvin Gordon,94.0,14.0,55.0,69.0
Melvin Ingram,33.0,0.0,0.0,0.0
Melvin Oliver,16.0,0.0,0.0,0.0
Mewelde Moore,100.0,8.0,6.0,14.0
Micah Hyde,65.0,0.0,0.0,0.0
Michael Boley,30.0,0.0,0.0,0.0
Michael Boulware,16.0,0.0,0.0,0.0
Michael Burton,32.0,1.0,1.0,2.0
Michael Bush,89.0,2.0,29.0,31.0
Michael Campanaro,21.0,2.0,1.0,3.0
Michael Clayton,56.0,10.0,0.0,10.0
Michael Crabtree,141.0,54.0,0.0,54.0
Michael Floyd,91.0,25.0,0.0,25.0
Michael Gaines,52.0,6.0,0.0,6.0
Michael Gallup,69.0,19.0,0.0,19.0
Michael Griffin,16.0,0.0,0.0,0.0
Michael Haynes,150.0,47.0,0.0,47.0
Michael Hoomanawanui,49.0,8.0,0.0,8.0
Michael Huff,16.0,0.0,0.0,0.0
Michael Jenkins,114.0,25.0,0.0,25.0
Michael Lehan,15.0,0.0,0.0,0.0
Michael Lewis,41.0,1.0,0.0,1.0
Michael Mauti,16.0,0.0,0.0,0.0
Michael Roberts,8.0,3.0,0.0,3.0
Michael Robinson,46.0,3.0,2.0,5.0
Michael Thomas,34.0,17.0,0.0,17.0
Michael Turner,104.0,1.0,49.0,50.0
Michael Vick,128.0,0.0,36.0,36.0
Michael Wiley,42.0,2.0,1.0,3.0
Mike Adams,30.0,0.0,0.0,0.0
Mike Bell,32.0,0.0,14.0,14.0
Mike Brown,63.0,2.0,0.0,2.0
Mike Daniels,14.0,0.0,0.0,0.0
Mike Edwards,27.0,0.0,0.0,0.0
Mike Evans,137.0,81.0,0.0,81.0
Mike Gesicki,65.0,18.0,0.0,18.0
Mike Gillislee,29.0,1.0,16.0,17.0
Mike Glennon,6.0,0.0,1.0,1.0
Mike Goodson,28.0,1.0,3.0,4.0
Mike Harris,15.0,0.0,0.0,0.0
Mike Hart,16.0,0.0,2.0,2.0
Mike Hughes,23.0,0.0,0.0,0.0
Mike Hull,10.0,0.0,1.0,1.0
Mike Jenkins,14.0,0.0,0.0,0.0
Mike Johnson,64.0,1.0,0.0,1.0
Mike Jones,108.0,13.0,0.0,13.0
Mike Karney,43.0,2.0,5.0,7.0
Mike Martin,28.0,6.0,0.0,6.0
Mike McMahon,25.0,0.0,7.0,7.0
Mike Montgomery,37.0,7.0,2.0,9.0
Mike Nugent,172.0,0.0,0.0,0.0
Mike Patterson,16.0,0.0,0.0,0.0
Mike Reilly,10.0,0.0,0.0,0.0
Mike Roberg,12.0,1.0,0.0,1.0
Mike Scifres,16.0,0.0,0.0,0.0
Mike Seidman,16.0,2.0,0.0,2.0
Mike Sims-Walker,29.0,14.0,0.0,14.0
Mike Thomas,162.0,19.0,19.0,38.0
Mike Walker,8.0,0.0,0.0,0.0
Mike Wallace,142.0,57.0,0.0,57.0
Mike White,8.0,0.0,1.0,1.0
Mikel Leshoure,14.0,0.0,9.0,9.0
Miles Austin,93.0,37.0,1.0,38.0
Miles Killebrew,16.0,0.0,0.0,0.0
Minkah Fitzpatrick,16.0,0.0,0.0,0.0
Mitchell Trubisky,64.0,0.0,11.0,11.0
Mohamed Massaquoi,45.0,7.0,0.0,7.0
Mohamed Sanu,128.0,27.0,2.0,29.0
Montario Hardesty,13.0,0.0,1.0,1.0
Montee Ball,21.0,0.0,5.0,5.0
Monty Beisel,16.0,0.0,0.0,0.0
Moran Norris,62.0,3.0,1.0,4.0
Morgan Burnett,13.0,0.0,0.0,0.0
Morris Claiborne,30.0,0.0,0.0,0.0
Muhammad Wilkerson,32.0,0.0,0.0,0.0
Musa Smith,27.0,0.0,4.0,4.0
MyCole Pruitt,71.0,11.0,0.0,11.0
Mychal Rivera,61.0,10.0,0.0,10.0
Myles Jack,32.0,0.0,0.0,0.0
Najee Goode,28.0,0.0,0.0,0.0
Najeh Davenport,67.0,3.0,13.0,16.0
Napoleon Harris,10.0,0.0,0.0,0.0
Nate Allen,26.0,0.0,0.0,0.0
Nate Burleson,135.0,39.0,0.0,39.0
Nate Byham,11.0,1.0,0.0,1.0
Nate Clements,102.0,0.0,0.0,0.0
Nate Hairston,14.0,0.0,0.0,0.0
Nate Irving,8.0,0.0,0.0,0.0
Nate Kaeding,98.0,0.0,0.0,0.0
Nate Poole,20.0,2.0,0.0,2.0
Nathan Peterman,4.0,0.0,1.0,1.0
Nathan Stupar,16.0,0.0,0.0,0.0
Nathan Vasher,32.0,0.0,0.0,0.0
Naufahu Tahi,30.0,2.0,0.0,2.0
Ndamukong Suh,16.0,0.0,0.0,0.0
Nelson Agholor,118.0,31.0,0.0,31.0
Nevin Lawson,15.0,0.0,0.0,0.0
Nic Jacobs,13.0,1.0,0.0,1.0
Nick Barnett,32.0,0.0,0.0,0.0
Nick Bellore,27.0,2.0,0.0,2.0
Nick Boyle,51.0,4.0,0.0,4.0
Nick Chubb,75.0,4.0,48.0,52.0
Nick Collins,48.0,0.0,0.0,0.0
Nick Fairley,15.0,0.0,0.0,0.0
Nick Foles,27.0,0.0,3.0,3.0
Nick Folk,211.0,0.0,0.0,0.0
Nick Hayden,16.0,0.0,0.0,0.0
Nick Kasa,16.0,1.0,0.0,1.0
Nick Kwiatkoski,32.0,0.0,0.0,0.0
Nick Novak,118.0,0.0,0.0,0.0
Nick O'Leary,55.0,4.0,0.0,4.0
Nick Toon,8.0,1.0,0.0,1.0
Nick Vannett,52.0,6.0,0.0,6.0
Nick Vigil,16.0,0.0,0.0,0.0
Nigel Bradham,27.0,0.0,0.0,0.0
Niles Paul,32.0,2.0,0.0,2.0
Nnamdi Asomugha,15.0,0.0,0.0,0.0
Noah Brown,16.0,3.0,0.0,3.0
Noah Herron,23.0,2.0,3.0,5.0
Nolan Carroll,11.0,0.0,0.0,0.0
Nyheim Hines,81.0,8.0,10.0,18.0
O.J. Atogwe,32.0,0.0,0.0,0.0
O.J. Howard,72.0,17.0,0.0,17.0
Odell Thurman,16.0,0.0,0.0,0.0
Olivier Vernon,30.0,0.0,0.0,0.0
Omar Bolden,9.0,0.0,0.0,0.0
Omar Easy,7.0,1.0,0.0,1.0
Onterrio Smith,26.0,2.0,7.0,9.0
Orlando Huff,11.0,0.0,0.0,0.0
Orlando Scandrick,19.0,0.0,0.0,0.0
Ovie Mughelli,69.0,6.0,1.0,7.0
Owen Daniels,131.0,36.0,0.0,36.0
Owen Pochman,6.0,0.0,0.0,0.0
Owen Schmitt,30.0,2.0,0.0,2.0
P.J. Williams,31.0,0.0,0.0,0.0
Pat Watkins,14.0,0.0,0.0,0.0
Patrick Chung,14.0,0.0,0.0,0.0
Patrick Mahomes,46.0,0.0,6.0,6.0
Patrick Peterson,29.0,0.0,0.0,0.0
Patrick Ramsey,20.0,0.0,2.0,2.0
Patrick Robinson,16.0,0.0,0.0,0.0
Patrick Turner,15.0,1.0,0.0,1.0
Patrick Willis,16.0,0.0,0.0,0.0
Paul Hogan,20.0,0.0,1.0,1.0
Paul Kruger,15.0,0.0,0.0,0.0
Paul Posluszny,15.0,0.0,0.0,0.0
Paul Richardson,63.0,12.0,0.0,12.0
Percy Harvin,72.0,22.0,5.0,27.0
Peter Sirmon,16.0,0.0,0.0,0.0
Peter Warrick,62.0,18.0,2.0,20.0
Peyton Barber,89.0,2.0,21.0,23.0
Peyton Hillis,72.0,3.0,23.0,26.0
Pharaoh Brown,13.0,2.0,0.0,2.0
Pharoh Cooper,13.0,1.0,0.0,1.0
Philip Rivers,48.0,0.0,3.0,3.0
Phillip Buchanon,52.0,0.0,0.0,0.0
Phillip Dorsett,71.0,12.0,0.0,12.0
Phillip Merling,16.0,0.0,0.0,0.0
Pierre Desir,12.0,0.0,0.0,0.0
Pierre Garcon,126.0,38.0,0.0,38.0
Plaxico Burress,136.0,64.0,0.0,64.0
Preston Brown,25.0,1.0,0.0,1.0
Preston Parker,32.0,5.0,0.0,5.0
Preston Smith,32.0,0.0,0.0,0.0
Prince Amukamara,15.0,0.0,0.0,0.0
Quandre Diggs,26.0,0.0,0.0,0.0
Quentin Griffin,6.0,1.0,2.0,3.0
Quentin Groves,15.0,0.0,0.0,0.0
Quentin Jammer,16.0,0.0,0.0,0.0
Quentin McCord,9.0,1.0,0.0,1.0
Quincy Carter,24.0,0.0,3.0,3.0
Quincy Enunwa,27.0,5.0,0.0,5.0
Quincy Morgan,79.0,17.0,0.0,17.0
Quinn Sypniewski,15.0,1.0,0.0,1.0
Quinten Rollins,14.0,0.0,0.0,0.0
Quintin Demps,46.0,0.0,0.0,0.0
Quinton Ganther,8.0,0.0,3.0,3.0
Quinton Patton,16.0,1.0,0.0,1.0
R. Jay Soward,13.0,1.0,0.0,1.0
Raekwon McMillan,16.0,0.0,0.0,0.0
Ralph Brown,11.0,0.0,0.0,0.0
Ramik Wilson,18.0,0.0,0.0,0.0
Ran Carthon,9.0,0.0,2.0,2.0
Randall Cobb,155.0,53.0,0.0,53.0
Randy Bullock,138.0,0.0,0.0,0.0
Randy Jordan,74.0,2.0,7.0,9.0
Randy McMichael,128.0,24.0,0.0,24.0
Rashaad Penny,39.0,1.0,13.0,14.0
Rashaan Evans,16.0,0.0,0.0,0.0
Rashad Greene,9.0,2.0,0.0,2.0
Rashad Jennings,93.0,2.0,23.0,25.0
Rashad Johnson,31.0,0.0,0.0,0.0
Rashard Anderson,15.0,0.0,0.0,0.0
Rashard Higgins,66.0,12.0,0.0,12.0
Rashard Mendenhall,68.0,2.0,37.0,39.0
Rashaun Woods,14.0,1.0,0.0,1.0
Rashean Mathis,44.0,0.0,0.0,0.0
Rasheem Green,17.0,0.0,0.0,0.0
Rasul Douglas,12.0,0.0,0.0,0.0
Ray Edwards,12.0,0.0,0.0,0.0
Ray McDonald,60.0,0.0,4.0,4.0
Ray Rice,79.0,6.0,37.0,43.0
Rayshawn Jenkins,17.0,0.0,0.0,0.0
Reche Caldwell,54.0,11.0,0.0,11.0
Red Bryant,16.0,0.0,0.0,0.0
Reggie Brown,94.0,18.0,1.0,19.0
Reggie Bush,129.0,18.0,36.0,54.0
Reggie Howard,15.0,0.0,0.0,0.0
Reggie Lewis,12.0,0.0,0.0,0.0
Reggie Nelson,16.0,0.0,0.0,0.0
Reggie Ragland,14.0,0.0,0.0,0.0
Reggie Wayne,182.0,76.0,0.0,76.0
Reggie Wells,16.0,0.0,0.0,0.0
Reggie White,16.0,0.0,0.0,0.0
Reggie Williams,116.0,18.0,0.0,18.0
Renaldo Hill,30.0,0.0,0.0,0.0
Reshad Jones,62.0,0.0,0.0,0.0
Reuben Droughns,102.0,6.0,19.0,25.0
Rex Burkhead,114.0,9.0,17.0,26.0
Rex Grossman,32.0,0.0,4.0,4.0
Rhett Ellison,97.0,7.0,1.0,8.0
Rian Wallace,12.0,0.0,0.0,0.0
Ricardo Lockette,26.0,4.0,0.0,4.0
Richard Marshall,32.0,0.0,0.0,0.0
Richard Rodgers,77.0,15.0,0.0,15.0
Richard Sherman,15.0,0.0,0.0,0.0
Richie James,57.0,7.0,0.0,7.0
Ricky Manning,47.0,0.0,0.0,0.0
Ricky Seals-Jones,52.0,10.0,0.0,10.0
Ricky Williams,153.0,9.0,52.0,61.0
Riley Cooper,88.0,18.0,0.0,18.0
Rishard Matthews,71.0,21.0,0.0,21.0
Rob Gronkowski,83.0,44.0,0.0,44.0
Rob Housler,13.0,1.0,0.0,1.0
Rob Meier,16.0,0.0,0.0,0.0
Rob Morris,15.0,0.0,0.0,0.0
Rob Ninkovich,32.0,0.0,0.0,0.0
Robert Alford,31.0,0.0,0.0,0.0
Robert Ayers,15.0,0.0,0.0,0.0
Robert Ferguson,74.0,13.0,0.0,13.0
Robert Foster,13.0,3.0,0.0,3.0
Robert Geathers,29.0,0.0,0.0,0.0
Robert Herron,8.0,1.0,0.0,1.0
Robert James,14.0,0.0,0.0,0.0
Robert Meachem,92.0,27.0,1.0,28.0
Robert Nkemdiche,12.0,0.0,0.0,0.0
Robert Reynolds,15.0,0.0,0.0,0.0
Robert Royal,104.0,14.0,0.0,14.0
Robert Turbin,47.0,3.0,9.0,12.0
Robert Woods,145.0,39.0,5.0,44.0
Roberto Aguayo,16.0,0.0,0.0,0.0
Rock Cartwright,95.0,2.0,6.0,8.0
Rocky Boiman,16.0,0.0,0.0,0.0
Rod Gardner,77.0,23.0,0.0,23.0
Roddy White,139.0,53.0,0.0,53.0
Rodney Smith,7.0,0.0,1.0,1.0
Roger Lewis,28.0,4.0,0.0,4.0
Rolando McClain,26.0,0.0,0.0,0.0
Roman Harper,32.0,0.0,0.0,0.0
Romeo Okwara,16.0,0.0,0.0,0.0
Ron Dayne,96.0,0.0,28.0,28.0
Ron Dugans,30.0,3.0,0.0,3.0
Ron Edwards,16.0,0.0,0.0,0.0
Ron Johnson,131.0,16.0,32.0,48.0
Ronald Curry,57.0,13.0,0.0,13.0
Rondell Mealey,14.0,0.0,1.0,1.0
Ronney Jenkins,32.0,0.0,0.0,0.0
Ronnie Brown,108.0,2.0,38.0,40.0
Ronnie Harrison,11.0,0.0,0.0,0.0
Ronnie Hillman,48.0,1.0,12.0,13.0
Roquan Smith,17.0,0.0,0.0,0.0
Roscoe Parrish,63.0,7.0,1.0,8.0
Roy Helu,54.0,4.0,7.0,11.0
Royce Freeman,30.0,1.0,8.0,9.0
Rudi Johnson,86.0,2.0,49.0,51.0
Rueben Randle,64.0,20.0,0.0,20.0
Russell Wilson,157.0,1.0,26.0,27.0
Ryan Broyles,10.0,2.0,0.0,2.0
Ryan Denney,32.0,2.0,0.0,2.0
Ryan Fitzpatrick,130.0,0.0,21.0,21.0
Ryan Hannam,31.0,2.0,0.0,2.0
Ryan Hewitt,12.0,1.0,0.0,1.0
Ryan Izzo,6.0,1.0,0.0,1.0
Ryan Kerrigan,48.0,0.0,0.0,0.0
Ryan Krause,2.0,1.0,0.0,1.0
Ryan Mallett,8.0,0.0,1.0,1.0
Ryan Mathews,86.0,3.0,37.0,40.0
Ryan Moats,30.0,1.0,8.0,9.0
Ryan Nall,16.0,1.0,0.0,1.0
Ryan Switzer,32.0,1.0,0.0,1.0
Ryan Tannehill,145.0,1.0,26.0,27.0
Ryan Torain,20.0,2.0,6.0,8.0
Sage Rosenfels,9.0,0.0,1.0,1.0
Sam Aiken,14.0,2.0,0.0,2.0
Sam Baker,181.0,0.0,2.0,2.0
Sam Bradford,39.0,0.0,2.0,2.0
Sam Darnold,56.0,0.0,12.0,12.0
Sam Ficken,28.0,0.0,0.0,0.0
Sam Hubbard,16.0,0.0,0.0,0.0
Samaje Perine,64.0,6.0,7.0,13.0
Samie Parker,47.0,7.0,0.0,7.0
Sammie Coates,14.0,2.0,0.0,2.0
Sammie Stroughter,13.0,1.0,0.0,1.0
Sammy Morris,93.0,1.0,26.0,27.0
Sammy Watkins,99.0,34.0,0.0,34.0
Santana Moss,182.0,66.0,0.0,66.0
Santonio Holmes,103.0,36.0,0.0,36.0
Saquon Barkley,58.0,8.0,29.0,37.0
Scott Chandler,76.0,21.0,0.0,21.0
Scott McKillop,16.0,0.0,0.0,0.0
Scott Starks,16.0,0.0,0.0,0.0
Scott Tolzien,3.0,0.0,1.0,1.0
Scottie Montgomery,15.0,1.0,0.0,1.0
Scotty Anderson,34.0,4.0,0.0,4.0
Sean Jones,16.0,0.0,0.0,0.0
Sean Lee,25.0,0.0,0.0,0.0
Sean Ryan,10.0,2.0,0.0,2.0
Sean Smith,23.0,0.0,0.0,0.0
Sean Taylor,15.0,0.0,0.0,0.0
Sean Weatherspoon,7.0,0.0,0.0,0.0
Sebastian Janikowski,284.0,0.0,0.0,0.0
Selvin Young,23.0,0.0,2.0,2.0
Seneca Wallace,13.0,0.0,1.0,1.0
Seth Marler,16.0,0.0,0.0,0.0
Seyi Ajirotutu,24.0,3.0,0.0,3.0
Shad Meier,26.0,3.0,0.0,3.0
Shane Ray,16.0,0.0,0.0,0.0
Shane Vereen,63.0,11.0,8.0,19.0
Shaq Lawson,14.0,0.0,0.0,0.0
Shaq Thompson,14.0,0.0,0.0,0.0
Shaud Williams,4.0,0.0,2.0,2.0
Shaun Alexander,103.0,11.0,73.0,84.0
Shaun Draughn,43.0,2.0,7.0,9.0
Shaun Ellis,16.0,0.0,0.0,0.0
Shaun McDonald,60.0,11.0,0.0,11.0
Shaun Phillips,47.0,0.0,0.0,0.0
Shaun Rogers,30.0,0.0,0.0,0.0
Shaunard Harts,16.0,0.0,0.0,0.0
Shawn Nelson,12.0,1.0,0.0,1.0
Shawn Williams,16.0,0.0,0.0,0.0
Sheldon Brown,63.0,0.0,0.0,0.0
Sheldon Richardson,32.0,0.0,2.0,2.0
Shonn Greene,85.0,0.0,24.0,24.0
Shyrone Stith,14.0,0.0,1.0,1.0
Sidney Rice,81.0,30.0,0.0,30.0
Silas Redd,15.0,0.0,1.0,1.0
Sinorice Moss,18.0,3.0,0.0,3.0
Sione Pouha,16.0,0.0,0.0,0.0
Snoop Minnis,13.0,1.0,0.0,1.0
Sony Michel,55.0,2.0,18.0,20.0
Spencer Havner,16.0,4.0,0.0,4.0
Spencer Johnson,16.0,0.0,0.0,0.0
Spencer Larsen,11.0,1.0,0.0,1.0
Spencer Ware,38.0,2.0,11.0,13.0
Stanford Routt,16.0,0.0,0.0,0.0
Stanley Havili,28.0,1.0,1.0,2.0
Stanley Wilson,35.0,2.0,11.0,13.0
Stedman Bailey,38.0,2.0,1.0,3.0
Stefon Diggs,103.0,51.0,0.0,51.0
Stepfan Taylor,14.0,3.0,1.0,4.0
Stephen Anderson,45.0,3.0,0.0,3.0
Stephen Burton,12.0,1.0,0.0,1.0
Stephen Hill,23.0,4.0,0.0,4.0
Stephen Paea,11.0,0.0,0.0,0.0
Stephen Tulloch,16.0,0.0,0.0,0.0
Stephone Anthony,16.0,0.0,0.0,0.0
Sterling Shepard,75.0,22.0,1.0,23.0
Stevan Ridley,64.0,0.0,24.0,24.0
Steve Breaston,76.0,9.0,0.0,9.0
Steve Slaton,33.0,5.0,13.0,18.0
Steven Jackson,160.0,9.0,69.0,78.0
Steven Johnson,16.0,0.0,0.0,0.0
Storm Johnson,6.0,0.0,2.0,2.0
Sylvester Morris,15.0,3.0,0.0,3.0
T.J. Duckett,93.0,0.0,44.0,44.0
T.J. Graham,43.0,4.0,0.0,4.0
T.J. Jones,42.0,5.0,0.0,5.0
T.J. Ward,16.0,0.0,0.0,0.0
T.J. Yates,4.0,0.0,1.0,1.0
T.J. Yeldon,54.0,7.0,6.0,13.0
T.Y. Hilton,143.0,53.0,0.0,53.0
Tab Perry,16.0,1.0,1.0,2.0
Taj Smith,5.0,0.0,0.0,0.0
Tajae Sharpe,47.0,8.0,0.0,8.0
Tamba Hali,31.0,0.0,0.0,0.0
Tanard Jackson,12.0,0.0,0.0,0.0
Tandon Doss,29.0,1.0,0.0,1.0
Tank Carder,16.0,0.0,0.0,0.0
Tank Johnson,14.0,0.0,0.0,0.0
Tarell Brown,15.0,0.0,0.0,0.0
Tarik Cohen,32.0,4.0,2.0,6.0
Taron Johnson,16.0,0.0,0.0,0.0
Tarvaris Jackson,34.0,0.0,6.0,6.0
Tashard Choice,73.0,0.0,10.0,10.0
Tatum Bell,54.0,0.0,16.0,16.0
Tavarres King,8.0,3.0,0.0,3.0
Tavon Austin,109.0,16.0,10.0,26.0
Tavon Young,31.0,0.0,0.0,0.0
Taylor Decker,25.0,2.0,0.0,2.0
Taylor Jacobs,33.0,2.0,0.0,2.0
Taylor Mays,32.0,0.0,0.0,0.0
Taylor Mehlhaff,3.0,0.0,0.0,0.0
Taywan Taylor,29.0,2.0,0.0,2.0
Teddy Bridgewater,58.0,0.0,11.0,11.0
Telvin Smith,44.0,0.0,0.0,0.0
Terence Newman,72.0,0.0,0.0,0.0
Terrance Copper,40.0,6.0,0.0,6.0
Terrance West,35.0,2.0,11.0,13.0
Terrance Williams,64.0,20.0,0.0,20.0
Terrell Suggs,48.0,0.0,0.0,0.0
Terrell Thomas,16.0,0.0,0.0,0.0
Terrelle Smith,30.0,3.0,0.0,3.0
Terrence McGee,61.0,0.0,0.0,0.0
Terry Jones,45.0,5.0,0.0,5.0
Tevin Coleman,75.0,13.0,25.0,38.0
Teyo Johnson,24.0,3.0,0.0,3.0
Thaddeus Lewis,6.0,0.0,1.0,1.0
Theo Riddick,70.0,14.0,5.0,19.0
Thomas Davis,16.0,0.0,0.0,0.0
Thomas DeCoud,15.0,0.0,0.0,0.0
Thomas Howard,16.0,0.0,0.0,0.0
Thomas Jones,164.0,3.0,68.0,71.0
Thomas Rawls,22.0,1.0,7.0,8.0
Thomas Tapeh,16.0,1.0,0.0,1.0
Tim Brown,254.0,100.0,1.0,101.0
Tim Carter,37.0,4.0,0.0,4.0
Tim Crowder,13.0,0.0,0.0,0.0
Tim Dobbins,16.0,0.0,0.0,0.0
Tim Duncan,5.0,0.0,0.0,0.0
Tim Euhus,12.0,2.0,0.0,2.0
Tim Jennings,30.0,0.0,0.0,0.0
Tim Lester,22.0,0.0,2.0,2.0
Tim Rattay,9.0,0.0,0.0,0.0
Tim Tebow,23.0,0.0,12.0,12.0
Tiquan Underwood,26.0,6.0,0.0,6.0
Titus Young,26.0,10.0,0.0,10.0
Toby Gerhart,75.0,3.0,7.0,10.0
Todd Gurley,59.0,2.0,37.0,39.0
Todd Heap,143.0,42.0,0.0,42.0
Todd Pinkston,62.0,14.0,0.0,14.0
Tom Ashworth,14.0,1.0,0.0,1.0
Tom Brady,194.0,0.0,25.0,25.0
Tom Santi,6.0,1.0,0.0,1.0
Tommy Bohanon,16.0,1.0,2.0,3.0
Tony Brown,13.0,0.0,0.0,0.0
Tony Curtis,16.0,3.0,0.0,3.0
Tony Fisher,60.0,5.0,4.0,9.0
Tony Hunt,14.0,0.0,2.0,2.0
Tony Jefferson,16.0,0.0,0.0,0.0
Tony Johnson,9.0,1.0,0.0,1.0
Tony Moeaki,47.0,6.0,0.0,6.0
Tony Romo,80.0,0.0,5.0,5.0
Tony Scheffler,102.0,22.0,0.0,22.0
Tony Stewart,35.0,3.0,0.0,3.0
Torrey Smith,119.0,41.0,0.0,41.0
Torrie Cox,10.0,0.0,0.0,0.0
Tracy Porter,62.0,3.0,0.0,3.0
Travis Beckum,29.0,3.0,0.0,3.0
Travis Benjamin,96.0,19.0,0.0,19.0
Travis Henry,70.0,2.0,38.0,40.0
Travis Kelce,79.0,32.0,2.0,34.0
Travis Minor,59.0,1.0,8.0,9.0
Travis Prentice,30.0,1.0,9.0,10.0
Travis Taylor,89.0,22.0,0.0,22.0
Tre Boston,11.0,0.0,0.0,0.0
Tre Mason,25.0,1.0,5.0,6.0
Tre McBride,7.0,1.0,0.0,1.0
Tremaine Edmunds,16.0,0.0,0.0,0.0
Trent Cole,32.0,0.0,0.0,0.0
Trent Edwards,14.0,0.0,3.0,3.0
Trent Gamble,13.0,0.0,0.0,0.0
Trent Richardson,46.0,2.0,17.0,19.0
Trent Taylor,29.0,3.0,0.0,3.0
Trevin Wade,32.0,0.0,0.0,0.0
Trevor Davis,25.0,1.0,1.0,2.0
Trevor Gaylor,27.0,4.0,0.0,4.0
Trevor Insley,11.0,1.0,0.0,1.0
Trey Burton,74.0,15.0,2.0,17.0
Trey Quinn,15.0,2.0,0.0,2.0
Trindon Holliday,30.0,0.0,0.0,0.0
Troy Bienemann,16.0,1.0,0.0,1.0
Troy Fleming,29.0,3.0,0.0,3.0
Troy Fumagalli,19.0,2.0,0.0,2.0
Troy Hambrick,58.0,1.0,9.0,10.0
Troy Hill,16.0,0.0,0.0,0.0
Troy Niklas,31.0,3.0,0.0,3.0
Troy Polamalu,32.0,0.0,0.0,0.0
Troy Smith,14.0,0.0,3.0,3.0
Troy Walters,59.0,9.0,0.0,9.0
Troy Williamson,33.0,4.0,0.0,4.0
Trumaine Johnson,88.0,4.0,0.0,4.0
Trumaine McBride,15.0,0.0,0.0,0.0
Trung Canidate,27.0,1.0,7.0,8.0
Tully Banta-Cain,16.0,0.0,0.0,0.0
Ty Montgomery,43.0,4.0,7.0,11.0
Ty Sambrailo,13.0,1.0,0.0,1.0
Ty Warren,15.0,0.0,0.0,0.0
Tye Hill,8.0,0.0,0.0,0.0
Tye Smith,9.0,0.0,0.0,0.0
Tyjuan Hagler,13.0,0.0,0.0,0.0
Tyler Boyd,103.0,29.0,0.0,29.0
Tyler Conklin,50.0,7.0,0.0,7.0
Tyler Eifert,71.0,26.0,0.0,26.0
Tyler Higbee,110.0,20.0,0.0,20.0
Tyler Kroft,62.0,13.0,0.0,13.0
Tyler Lockett,111.0,48.0,1.0,49.0
Tyrann Mathieu,16.0,0.0,0.0,0.0
Tyrod Taylor,61.0,0.0,19.0,19.0
Tyron Brackenridge,13.0,0.0,0.0,0.0
Tyrone Calico,14.0,4.0,0.0,4.0
Tyrone Carter,47.0,0.0,0.0,0.0
Tyus Bowser,16.0,0.0,0.0,0.0
Tyvon Branch,32.0,0.0,0.0,0.0
Vance McDonald,64.0,15.0,0.0,15.0
Vernand Morency,26.0,0.0,4.0,4.0
Vernon Davis,183.0,63.0,0.0,63.0
Vernon Hargreaves III,15.0,0.0,0.0,0.0
Verran Tucker,11.0,1.0,0.0,1.0
Verron Haynes,27.0,2.0,3.0,5.0
Vic Beasley,16.0,0.0,0.0,0.0
Vick Ballard,16.0,1.0,2.0,3.0
Victor Abiamiri,13.0,0.0,0.0,0.0
Victor Adeyanju,12.0,0.0,0.0,0.0
Victor Hobson,16.0,0.0,0.0,0.0
Vince Mayle,16.0,0.0,1.0,1.0
Vince Wilfork,16.0,0.0,0.0,0.0
Vince Young,42.0,0.0,12.0,12.0
Vincent Brown,43.0,3.0,0.0,3.0
Vincent Fuller,29.0,0.0,0.0,0.0
Vincent Jackson,142.0,57.0,0.0,57.0
Virgil Green,94.0,7.0,0.0,7.0
Visanthe Shiancoe,112.0,27.0,0.0,27.0
Vita Vea,16.0,1.0,0.0,1.0
Von Hutchins,16.0,0.0,0.0,0.0
Von Miller,9.0,0.0,0.0,0.0
Vonn Bell,13.0,0.0,0.0,0.0
Vontae Davis,16.0,0.0,0.0,0.0
Vontaze Burfict,16.0,0.0,0.0,0.0
Wade Smith,16.0,0.0,0.0,0.0
Wali Lundy,14.0,0.0,4.0,4.0
Wallace Gilberry,14.0,0.0,0.0,0.0
Walter Thurmond,28.0,0.0,0.0,0.0
Wayne Gallman,53.0,2.0,9.0,11.0
Wendell Smallwood,37.0,2.0,5.0,7.0
Wesley Woodyard,32.0,0.0,0.0,0.0
Weslye Saunders,16.0,1.0,0.0,1.0
Will Blackmon,40.0,0.0,0.0,0.0
Will Dissly,56.0,12.0,0.0,12.0
Will Fuller,55.0,24.0,0.0,24.0
Will Hill,38.0,0.0,0.0,0.0
Will Johnson,47.0,2.0,1.0,3.0
Will Richardson,13.0,0.0,0.0,0.0
Will Smith,16.0,0.0,0.0,0.0
Will Witherspoon,46.0,0.0,0.0,0.0
William Green,38.0,0.0,9.0,9.0
William Jackson III,15.0,0.0,0.0,0.0
Willie Andrews,15.0,0.0,0.0,0.0
Willie Smith,3.0,1.0,0.0,1.0
Willie Snead,75.0,16.0,0.0,16.0
Willis McGahee,142.0,5.0,65.0,70.0
Xavien Howard,47.0,0.0,0.0,0.0
Xavier Grimble,28.0,3.0,0.0,3.0
Xavier Rhodes,30.0,0.0,0.0,0.0
Yamon Figurs,26.0,1.0,0.0,1.0
Yannick Ngakoue,31.0,0.0,0.0,0.0
Zac Stacy,35.0,1.0,9.0,10.0
Zach Allen,15.0,0.0,0.0,0.0
Zach Brown,16.0,0.0,0.0,0.0
Zach Cunningham,14.0,0.0,0.0,0.0
Zach Ertz,144.0,45.0,0.0,45.0
Zach Hocker,8.0,0.0,0.0,0.0
Zach Line,44.0,4.0,2.0,6.0
Zach Mettenberger,7.0,0.0,1.0,1.0
Zach Miller,158.0,35.0,0.0,35.0
Zach Pascal,81.0,16.0,0.0,16.0
Zach Potter,15.0,0.0,0.0,0.0
Zach Zenner,30.0,0.0,8.0,8.0
Zane Gonzalez,63.0,0.0,0.0,0.0
Zay Jones,80.0,16.0,0.0,16.0
Zeron Flemister,31.0,4.0,0.0,4.0
